[0.000000] (-) TimerEvent: {}
[0.000130] (turtlesim) JobQueued: {'identifier': 'turtlesim', 'dependencies': OrderedDict()}
[0.000153] (turtlesim) JobStarted: {'identifier': 'turtlesim'}
[0.007357] (turtlesim) JobProgress: {'identifier': 'turtlesim', 'progress': 'cmake'}
[0.007633] (turtlesim) Command: {'cmd': ['/usr/bin/cmake', '/home/yilmaz/ros2_ws/src/ros_tutorials/turtlesim', '-DCMAKE_INSTALL_PREFIX=/home/yilmaz/ros2_ws/install/turtlesim'], 'cwd': '/home/yilmaz/ros2_ws/build/turtlesim', 'env': OrderedDict({'GJS_DEBUG_TOPICS': 'JS ERROR;JS LOG', 'XDG_ACTIVATION_TOKEN': 'gnome-shell/Terminator/2016-1-Andromeda_TIME2445570', 'LESSOPEN': '| /usr/bin/lesspipe %s', 'USER': 'yilmaz', 'XDG_SESSION_TYPE': 'x11', 'CLUTTER_DISABLE_MIPMAPPED_TEXT': '1', 'SHLVL': '1', 'LD_LIBRARY_PATH': '/opt/ros/jazzy/opt/rviz_ogre_vendor/lib:/opt/ros/jazzy/lib/x86_64-linux-gnu:/opt/ros/jazzy/opt/gz_math_vendor/lib:/opt/ros/jazzy/opt/gz_utils_vendor/lib:/opt/ros/jazzy/opt/gz_cmake_vendor/lib:/opt/ros/jazzy/lib', 'HOME': '/home/yilmaz', 'OLDPWD': '/home/yilmaz/ros2_ws/src', 'DESKTOP_SESSION': 'ubuntu', 'GIO_LAUNCHED_DESKTOP_FILE': '/usr/share/applications/terminator.desktop', 'ROS_PYTHON_VERSION': '3', 'GNOME_SHELL_SESSION_MODE': 'ubuntu', 'GTK_MODULES': 'gail:atk-bridge', 'MANAGERPID': '1558', 'SYSTEMD_EXEC_PID': '2016', 'GSM_SKIP_SSH_AGENT_WORKAROUND': 'true', 'DBUS_SESSION_BUS_ADDRESS': 'unix:path=/run/user/1000/bus', 'COLORTERM': 'truecolor', 'TERMINATOR_DBUS_NAME': 'net.tenshu.Terminator21a9d5db22c73a993ff0b42f64b396873', 'GIO_LAUNCHED_DESKTOP_FILE_PID': '8110', 'DEBUGINFOD_URLS': 'https://debuginfod.ubuntu.com', 'COLCON_PREFIX_PATH': '/home/yilmaz/ros2_ws/install', 'ROS_DISTRO': 'jazzy', 'LOGNAME': 'yilmaz', 'JOURNAL_STREAM': '9:10839', '_': '/usr/bin/colcon', 'ROS_VERSION': '2', 'MEMORY_PRESSURE_WATCH': '/sys/fs/cgroup/user.slice/user-1000.slice/user@1000.service/session.slice/org.gnome.Shell@x11.service/memory.pressure', 'XDG_SESSION_CLASS': 'user', 'USERNAME': 'yilmaz', 'TERM': 'xterm-256color', 'GNOME_DESKTOP_SESSION_ID': 'this-is-deprecated', 'WINDOWPATH': '2', 'PATH': '/opt/ros/jazzy/bin:/usr/local/sbin:/usr/local/bin:/usr/sbin:/usr/bin:/sbin:/bin:/usr/games:/usr/local/games:/snap/bin:/snap/bin', 'SESSION_MANAGER': 'local/Andromeda:@/tmp/.ICE-unix/1947,unix/Andromeda:/tmp/.ICE-unix/1947', 'INVOCATION_ID': 'b3bf381ed19547e584239762095fa61e', 'XDG_MENU_PREFIX': 'gnome-', 'XDG_RUNTIME_DIR': '/run/user/1000', 'DISPLAY': ':0', 'TERMINATOR_DBUS_PATH': '/net/tenshu/Terminator2', 'LANG': 'en_US.UTF-8', 'XDG_CURRENT_DESKTOP': 'ubuntu:GNOME', 'XMODIFIERS': '@im=ibus', 'XDG_SESSION_DESKTOP': 'ubuntu', 'XAUTHORITY': '/run/user/1000/gdm/Xauthority', 'LS_COLORS': 'rs=0:di=01;34:ln=01;36:mh=00:pi=40;33:so=01;35:do=01;35:bd=40;33;01:cd=40;33;01:or=40;31;01:mi=00:su=37;41:sg=30;43:ca=00:tw=30;42:ow=34;42:st=37;44:ex=01;32:*.tar=01;31:*.tgz=01;31:*.arc=01;31:*.arj=01;31:*.taz=01;31:*.lha=01;31:*.lz4=01;31:*.lzh=01;31:*.lzma=01;31:*.tlz=01;31:*.txz=01;31:*.tzo=01;31:*.t7z=01;31:*.zip=01;31:*.z=01;31:*.dz=01;31:*.gz=01;31:*.lrz=01;31:*.lz=01;31:*.lzo=01;31:*.xz=01;31:*.zst=01;31:*.tzst=01;31:*.bz2=01;31:*.bz=01;31:*.tbz=01;31:*.tbz2=01;31:*.tz=01;31:*.deb=01;31:*.rpm=01;31:*.jar=01;31:*.war=01;31:*.ear=01;31:*.sar=01;31:*.rar=01;31:*.alz=01;31:*.ace=01;31:*.zoo=01;31:*.cpio=01;31:*.7z=01;31:*.rz=01;31:*.cab=01;31:*.wim=01;31:*.swm=01;31:*.dwm=01;31:*.esd=01;31:*.avif=01;35:*.jpg=01;35:*.jpeg=01;35:*.mjpg=01;35:*.mjpeg=01;35:*.gif=01;35:*.bmp=01;35:*.pbm=01;35:*.pgm=01;35:*.ppm=01;35:*.tga=01;35:*.xbm=01;35:*.xpm=01;35:*.tif=01;35:*.tiff=01;35:*.png=01;35:*.svg=01;35:*.svgz=01;35:*.mng=01;35:*.pcx=01;35:*.mov=01;35:*.mpg=01;35:*.mpeg=01;35:*.m2v=01;35:*.mkv=01;35:*.webm=01;35:*.webp=01;35:*.ogm=01;35:*.mp4=01;35:*.m4v=01;35:*.mp4v=01;35:*.vob=01;35:*.qt=01;35:*.nuv=01;35:*.wmv=01;35:*.asf=01;35:*.rm=01;35:*.rmvb=01;35:*.flc=01;35:*.avi=01;35:*.fli=01;35:*.flv=01;35:*.gl=01;35:*.dl=01;35:*.xcf=01;35:*.xwd=01;35:*.yuv=01;35:*.cgm=01;35:*.emf=01;35:*.ogv=01;35:*.ogx=01;35:*.aac=00;36:*.au=00;36:*.flac=00;36:*.m4a=00;36:*.mid=00;36:*.midi=00;36:*.mka=00;36:*.mp3=00;36:*.mpc=00;36:*.ogg=00;36:*.ra=00;36:*.wav=00;36:*.oga=00;36:*.opus=00;36:*.spx=00;36:*.xspf=00;36:*~=00;90:*#=00;90:*.bak=00;90:*.crdownload=00;90:*.dpkg-dist=00;90:*.dpkg-new=00;90:*.dpkg-old=00;90:*.dpkg-tmp=00;90:*.old=00;90:*.orig=00;90:*.part=00;90:*.rej=00;90:*.rpmnew=00;90:*.rpmorig=00;90:*.rpmsave=00;90:*.swp=00;90:*.tmp=00;90:*.ucf-dist=00;90:*.ucf-new=00;90:*.ucf-old=00;90:', 'SSH_AUTH_SOCK': '/run/user/1000/keyring/ssh', 'AMENT_PREFIX_PATH': '/opt/ros/jazzy', 'SHELL': '/bin/bash', 'TERMINATOR_UUID': 'urn:uuid:e5ad2c2a-964c-4d11-8661-7edb17ee0d60', 'QT_ACCESSIBILITY': '1', 'GDMSESSION': 'ubuntu', 'LESSCLOSE': '/usr/bin/lesspipe %s %s', 'GPG_AGENT_INFO': '/run/user/1000/gnupg/S.gpg-agent:0:1', 'GJS_DEBUG_OUTPUT': 'stderr', 'ROS_AUTOMATIC_DISCOVERY_RANGE': 'SUBNET', 'QT_IM_MODULE': 'ibus', 'PWD': '/home/yilmaz/ros2_ws/build/turtlesim', 'LC_ALL': 'en_US.UTF-8', 'XDG_CONFIG_DIRS': '/etc/xdg/xdg-ubuntu:/etc/xdg', 'XDG_DATA_DIRS': '/usr/share/ubuntu:/usr/share/gnome:/usr/local/share/:/usr/share/:/var/lib/snapd/desktop', 'PYTHONPATH': '/opt/ros/jazzy/lib/python3.12/site-packages', 'COLCON': '1', 'MEMORY_PRESSURE_WRITE': 'c29tZSAyMDAwMDAgMjAwMDAwMAA=', 'VTE_VERSION': '7600', 'CMAKE_PREFIX_PATH': '/opt/ros/jazzy/opt/gz_math_vendor:/opt/ros/jazzy/opt/gz_utils_vendor:/opt/ros/jazzy/opt/gz_cmake_vendor:/opt/ros/jazzy'}), 'shell': False}
[0.099663] (-) TimerEvent: {}
[0.141305] (turtlesim) StdoutLine: {'line': b'-- The C compiler identification is GNU 13.3.0\n'}
[0.199765] (-) TimerEvent: {}
[0.208975] (turtlesim) StdoutLine: {'line': b'-- The CXX compiler identification is GNU 13.3.0\n'}
[0.226074] (turtlesim) StdoutLine: {'line': b'-- Detecting C compiler ABI info\n'}
[0.288199] (turtlesim) StdoutLine: {'line': b'-- Detecting C compiler ABI info - done\n'}
[0.294026] (turtlesim) StdoutLine: {'line': b'-- Check for working C compiler: /usr/bin/cc - skipped\n'}
[0.294478] (turtlesim) StdoutLine: {'line': b'-- Detecting C compile features\n'}
[0.295221] (turtlesim) StdoutLine: {'line': b'-- Detecting C compile features - done\n'}
[0.299825] (-) TimerEvent: {}
[0.301325] (turtlesim) StdoutLine: {'line': b'-- Detecting CXX compiler ABI info\n'}
[0.362856] (turtlesim) StdoutLine: {'line': b'-- Detecting CXX compiler ABI info - done\n'}
[0.369059] (turtlesim) StdoutLine: {'line': b'-- Check for working CXX compiler: /usr/bin/c++ - skipped\n'}
[0.369160] (turtlesim) StdoutLine: {'line': b'-- Detecting CXX compile features\n'}
[0.369526] (turtlesim) StdoutLine: {'line': b'-- Detecting CXX compile features - done\n'}
[0.373146] (turtlesim) StdoutLine: {'line': b'-- Found ament_cmake: 2.5.4 (/opt/ros/jazzy/share/ament_cmake/cmake)\n'}
[0.399896] (-) TimerEvent: {}
[0.463690] (turtlesim) StdoutLine: {'line': b'-- Found Python3: /usr/bin/python3 (found version "3.12.3") found components: Interpreter \n'}
[0.499994] (-) TimerEvent: {}
[0.542102] (turtlesim) StdoutLine: {'line': b'-- Found ament_index_cpp: 1.8.1 (/opt/ros/jazzy/share/ament_index_cpp/cmake)\n'}
[0.544155] (turtlesim) StdoutLine: {'line': b'-- Found geometry_msgs: 5.3.6 (/opt/ros/jazzy/share/geometry_msgs/cmake)\n'}
[0.580363] (turtlesim) StdoutLine: {'line': b'-- Found rosidl_generator_c: 4.6.5 (/opt/ros/jazzy/share/rosidl_generator_c/cmake)\n'}
[0.591279] (turtlesim) StdoutLine: {'line': b'-- Found rosidl_generator_cpp: 4.6.5 (/opt/ros/jazzy/share/rosidl_generator_cpp/cmake)\n'}
[0.600073] (-) TimerEvent: {}
[0.607236] (turtlesim) StdoutLine: {'line': b'-- Using all available rosidl_typesupport_c: rosidl_typesupport_fastrtps_c;rosidl_typesupport_introspection_c\n'}
[0.624395] (turtlesim) StdoutLine: {'line': b'-- Using all available rosidl_typesupport_cpp: rosidl_typesupport_fastrtps_cpp;rosidl_typesupport_introspection_cpp\n'}
[0.691392] (turtlesim) StdoutLine: {'line': b'-- Found rcl_interfaces: 2.0.2 (/opt/ros/jazzy/share/rcl_interfaces/cmake)\n'}
[0.700167] (-) TimerEvent: {}
[0.730990] (turtlesim) StdoutLine: {'line': b'-- Found rclcpp: 28.1.10 (/opt/ros/jazzy/share/rclcpp/cmake)\n'}
[0.753203] (turtlesim) StdoutLine: {'line': b'-- Found rmw_implementation_cmake: 7.3.2 (/opt/ros/jazzy/share/rmw_implementation_cmake/cmake)\n'}
[0.758278] (turtlesim) StdoutLine: {'line': b'-- Found rmw_fastrtps_cpp: 8.4.2 (/opt/ros/jazzy/share/rmw_fastrtps_cpp/cmake)\n'}
[0.800254] (-) TimerEvent: {}
[0.824801] (turtlesim) StdoutLine: {'line': b'-- Found OpenSSL: /usr/lib/x86_64-linux-gnu/libcrypto.so (found version "3.0.13")  \n'}
[0.840329] (turtlesim) StdoutLine: {'line': b'-- Found FastRTPS: /opt/ros/jazzy/include (Required is at least version "2.13") \n'}
[0.856631] (turtlesim) StdoutLine: {'line': b"-- Using RMW implementation 'rmw_fastrtps_cpp' as default\n"}
[0.900368] (-) TimerEvent: {}
[0.916932] (turtlesim) StdoutLine: {'line': b'-- Found rclcpp_action: 28.1.10 (/opt/ros/jazzy/share/rclcpp_action/cmake)\n'}
[0.959061] (turtlesim) StdoutLine: {'line': b'-- Found rosidl_default_generators: 1.6.0 (/opt/ros/jazzy/share/rosidl_default_generators/cmake)\n'}
[0.971471] (turtlesim) StdoutLine: {'line': b'-- Found rosidl_adapter: 4.6.5 (/opt/ros/jazzy/share/rosidl_adapter/cmake)\n'}
[0.976135] (turtlesim) StdoutLine: {'line': b'-- Found std_srvs: 5.3.6 (/opt/ros/jazzy/share/std_srvs/cmake)\n'}
[1.000438] (-) TimerEvent: {}
[1.100636] (-) TimerEvent: {}
[1.200853] (-) TimerEvent: {}
[1.301111] (-) TimerEvent: {}
[1.397019] (turtlesim) StdoutLine: {'line': b'-- Found ament_cmake_ros: 0.12.0 (/opt/ros/jazzy/share/ament_cmake_ros/cmake)\n'}
[1.401205] (-) TimerEvent: {}
[1.501387] (-) TimerEvent: {}
[1.601587] (-) TimerEvent: {}
[1.701798] (-) TimerEvent: {}
[1.802049] (-) TimerEvent: {}
[1.848743] (turtlesim) StdoutLine: {'line': b'-- Using all available rosidl_typesupport_c: rosidl_typesupport_fastrtps_c;rosidl_typesupport_introspection_c\n'}
[1.902167] (-) TimerEvent: {}
[2.002389] (-) TimerEvent: {}
[2.045655] (turtlesim) StdoutLine: {'line': b'-- Using all available rosidl_typesupport_cpp: rosidl_typesupport_fastrtps_cpp;rosidl_typesupport_introspection_cpp\n'}
[2.049000] (turtlesim) StdoutLine: {'line': b'-- Found python_cmake_module: 0.11.1 (/opt/ros/jazzy/share/python_cmake_module/cmake)\n'}
[2.102481] (-) TimerEvent: {}
[2.142900] (turtlesim) StdoutLine: {'line': b'-- Found PythonExtra: /usr/bin/python3  \n'}
[2.202666] (-) TimerEvent: {}
[2.302959] (-) TimerEvent: {}
[2.403215] (-) TimerEvent: {}
[2.503470] (-) TimerEvent: {}
[2.522339] (turtlesim) StdoutLine: {'line': b'-- Found Python3: /usr/bin/python3 (found version "3.12.3") found components: Interpreter Development NumPy Development.Module Development.Embed \n'}
[2.550365] (turtlesim) StdoutLine: {'line': b'-- Found ament_lint_auto: 0.17.2 (/opt/ros/jazzy/share/ament_lint_auto/cmake)\n'}
[2.572653] (turtlesim) StdoutLine: {'line': b"-- Added test 'copyright' to check source files copyright and LICENSE\n"}
[2.574487] (turtlesim) StdoutLine: {'line': b"-- Added test 'cppcheck' to perform static code analysis on C / C++ code\n"}
[2.575732] (turtlesim) StdoutLine: {'line': b'-- Configured cppcheck include dirs: /home/yilmaz/ros2_ws/src/ros_tutorials/turtlesim/include\n'}
[2.575809] (turtlesim) StdoutLine: {'line': b'-- Configured cppcheck exclude dirs and/or files: \n'}
[2.577029] (turtlesim) StdoutLine: {'line': b"-- Added test 'cpplint' to check C / C++ code against the Google style\n"}
[2.577106] (turtlesim) StdoutLine: {'line': b'-- Configured cpplint exclude dirs and/or files: \n'}
[2.577586] (turtlesim) StdoutLine: {'line': b"-- Added test 'flake8' to check Python code syntax and style conventions\n"}
[2.577664] (turtlesim) StdoutLine: {'line': b"-- Configured 'flake8' exclude dirs and/or files: \n"}
[2.578316] (turtlesim) StdoutLine: {'line': b"-- Added test 'lint_cmake' to check CMake code style\n"}
[2.578854] (turtlesim) StdoutLine: {'line': b"-- Added test 'pep257' to check Python code against some of the docstring style conventions in PEP 257\n"}
[2.579989] (turtlesim) StdoutLine: {'line': b"-- Added test 'uncrustify' to check C / C++ code style\n"}
[2.580110] (turtlesim) StdoutLine: {'line': b'-- Configured uncrustify additional arguments: \n'}
[2.580493] (turtlesim) StdoutLine: {'line': b"-- Added test 'xmllint' to check XML markup files\n"}
[2.582495] (turtlesim) StdoutLine: {'line': b'-- Configuring done (2.6s)\n'}
[2.603611] (-) TimerEvent: {}
[2.635392] (turtlesim) StdoutLine: {'line': b'-- Generating done (0.0s)\n'}
[2.648263] (turtlesim) StdoutLine: {'line': b'-- Build files have been written to: /home/yilmaz/ros2_ws/build/turtlesim\n'}
[2.658155] (turtlesim) CommandEnded: {'returncode': 0}
[2.658465] (turtlesim) JobProgress: {'identifier': 'turtlesim', 'progress': 'build'}
[2.658480] (turtlesim) Command: {'cmd': ['/usr/bin/cmake', '--build', '/home/yilmaz/ros2_ws/build/turtlesim', '--', '-j16', '-l16'], 'cwd': '/home/yilmaz/ros2_ws/build/turtlesim', 'env': OrderedDict({'GJS_DEBUG_TOPICS': 'JS ERROR;JS LOG', 'XDG_ACTIVATION_TOKEN': 'gnome-shell/Terminator/2016-1-Andromeda_TIME2445570', 'LESSOPEN': '| /usr/bin/lesspipe %s', 'USER': 'yilmaz', 'XDG_SESSION_TYPE': 'x11', 'CLUTTER_DISABLE_MIPMAPPED_TEXT': '1', 'SHLVL': '1', 'LD_LIBRARY_PATH': '/opt/ros/jazzy/opt/rviz_ogre_vendor/lib:/opt/ros/jazzy/lib/x86_64-linux-gnu:/opt/ros/jazzy/opt/gz_math_vendor/lib:/opt/ros/jazzy/opt/gz_utils_vendor/lib:/opt/ros/jazzy/opt/gz_cmake_vendor/lib:/opt/ros/jazzy/lib', 'HOME': '/home/yilmaz', 'OLDPWD': '/home/yilmaz/ros2_ws/src', 'DESKTOP_SESSION': 'ubuntu', 'GIO_LAUNCHED_DESKTOP_FILE': '/usr/share/applications/terminator.desktop', 'ROS_PYTHON_VERSION': '3', 'GNOME_SHELL_SESSION_MODE': 'ubuntu', 'GTK_MODULES': 'gail:atk-bridge', 'MANAGERPID': '1558', 'SYSTEMD_EXEC_PID': '2016', 'GSM_SKIP_SSH_AGENT_WORKAROUND': 'true', 'DBUS_SESSION_BUS_ADDRESS': 'unix:path=/run/user/1000/bus', 'COLORTERM': 'truecolor', 'TERMINATOR_DBUS_NAME': 'net.tenshu.Terminator21a9d5db22c73a993ff0b42f64b396873', 'GIO_LAUNCHED_DESKTOP_FILE_PID': '8110', 'DEBUGINFOD_URLS': 'https://debuginfod.ubuntu.com', 'COLCON_PREFIX_PATH': '/home/yilmaz/ros2_ws/install', 'ROS_DISTRO': 'jazzy', 'LOGNAME': 'yilmaz', 'JOURNAL_STREAM': '9:10839', '_': '/usr/bin/colcon', 'ROS_VERSION': '2', 'MEMORY_PRESSURE_WATCH': '/sys/fs/cgroup/user.slice/user-1000.slice/user@1000.service/session.slice/org.gnome.Shell@x11.service/memory.pressure', 'XDG_SESSION_CLASS': 'user', 'USERNAME': 'yilmaz', 'TERM': 'xterm-256color', 'GNOME_DESKTOP_SESSION_ID': 'this-is-deprecated', 'WINDOWPATH': '2', 'PATH': '/opt/ros/jazzy/bin:/usr/local/sbin:/usr/local/bin:/usr/sbin:/usr/bin:/sbin:/bin:/usr/games:/usr/local/games:/snap/bin:/snap/bin', 'SESSION_MANAGER': 'local/Andromeda:@/tmp/.ICE-unix/1947,unix/Andromeda:/tmp/.ICE-unix/1947', 'INVOCATION_ID': 'b3bf381ed19547e584239762095fa61e', 'XDG_MENU_PREFIX': 'gnome-', 'XDG_RUNTIME_DIR': '/run/user/1000', 'DISPLAY': ':0', 'TERMINATOR_DBUS_PATH': '/net/tenshu/Terminator2', 'LANG': 'en_US.UTF-8', 'XDG_CURRENT_DESKTOP': 'ubuntu:GNOME', 'XMODIFIERS': '@im=ibus', 'XDG_SESSION_DESKTOP': 'ubuntu', 'XAUTHORITY': '/run/user/1000/gdm/Xauthority', 'LS_COLORS': 'rs=0:di=01;34:ln=01;36:mh=00:pi=40;33:so=01;35:do=01;35:bd=40;33;01:cd=40;33;01:or=40;31;01:mi=00:su=37;41:sg=30;43:ca=00:tw=30;42:ow=34;42:st=37;44:ex=01;32:*.tar=01;31:*.tgz=01;31:*.arc=01;31:*.arj=01;31:*.taz=01;31:*.lha=01;31:*.lz4=01;31:*.lzh=01;31:*.lzma=01;31:*.tlz=01;31:*.txz=01;31:*.tzo=01;31:*.t7z=01;31:*.zip=01;31:*.z=01;31:*.dz=01;31:*.gz=01;31:*.lrz=01;31:*.lz=01;31:*.lzo=01;31:*.xz=01;31:*.zst=01;31:*.tzst=01;31:*.bz2=01;31:*.bz=01;31:*.tbz=01;31:*.tbz2=01;31:*.tz=01;31:*.deb=01;31:*.rpm=01;31:*.jar=01;31:*.war=01;31:*.ear=01;31:*.sar=01;31:*.rar=01;31:*.alz=01;31:*.ace=01;31:*.zoo=01;31:*.cpio=01;31:*.7z=01;31:*.rz=01;31:*.cab=01;31:*.wim=01;31:*.swm=01;31:*.dwm=01;31:*.esd=01;31:*.avif=01;35:*.jpg=01;35:*.jpeg=01;35:*.mjpg=01;35:*.mjpeg=01;35:*.gif=01;35:*.bmp=01;35:*.pbm=01;35:*.pgm=01;35:*.ppm=01;35:*.tga=01;35:*.xbm=01;35:*.xpm=01;35:*.tif=01;35:*.tiff=01;35:*.png=01;35:*.svg=01;35:*.svgz=01;35:*.mng=01;35:*.pcx=01;35:*.mov=01;35:*.mpg=01;35:*.mpeg=01;35:*.m2v=01;35:*.mkv=01;35:*.webm=01;35:*.webp=01;35:*.ogm=01;35:*.mp4=01;35:*.m4v=01;35:*.mp4v=01;35:*.vob=01;35:*.qt=01;35:*.nuv=01;35:*.wmv=01;35:*.asf=01;35:*.rm=01;35:*.rmvb=01;35:*.flc=01;35:*.avi=01;35:*.fli=01;35:*.flv=01;35:*.gl=01;35:*.dl=01;35:*.xcf=01;35:*.xwd=01;35:*.yuv=01;35:*.cgm=01;35:*.emf=01;35:*.ogv=01;35:*.ogx=01;35:*.aac=00;36:*.au=00;36:*.flac=00;36:*.m4a=00;36:*.mid=00;36:*.midi=00;36:*.mka=00;36:*.mp3=00;36:*.mpc=00;36:*.ogg=00;36:*.ra=00;36:*.wav=00;36:*.oga=00;36:*.opus=00;36:*.spx=00;36:*.xspf=00;36:*~=00;90:*#=00;90:*.bak=00;90:*.crdownload=00;90:*.dpkg-dist=00;90:*.dpkg-new=00;90:*.dpkg-old=00;90:*.dpkg-tmp=00;90:*.old=00;90:*.orig=00;90:*.part=00;90:*.rej=00;90:*.rpmnew=00;90:*.rpmorig=00;90:*.rpmsave=00;90:*.swp=00;90:*.tmp=00;90:*.ucf-dist=00;90:*.ucf-new=00;90:*.ucf-old=00;90:', 'SSH_AUTH_SOCK': '/run/user/1000/keyring/ssh', 'AMENT_PREFIX_PATH': '/opt/ros/jazzy', 'SHELL': '/bin/bash', 'TERMINATOR_UUID': 'urn:uuid:e5ad2c2a-964c-4d11-8661-7edb17ee0d60', 'QT_ACCESSIBILITY': '1', 'GDMSESSION': 'ubuntu', 'LESSCLOSE': '/usr/bin/lesspipe %s %s', 'GPG_AGENT_INFO': '/run/user/1000/gnupg/S.gpg-agent:0:1', 'GJS_DEBUG_OUTPUT': 'stderr', 'ROS_AUTOMATIC_DISCOVERY_RANGE': 'SUBNET', 'QT_IM_MODULE': 'ibus', 'PWD': '/home/yilmaz/ros2_ws/build/turtlesim', 'LC_ALL': 'en_US.UTF-8', 'XDG_CONFIG_DIRS': '/etc/xdg/xdg-ubuntu:/etc/xdg', 'XDG_DATA_DIRS': '/usr/share/ubuntu:/usr/share/gnome:/usr/local/share/:/usr/share/:/var/lib/snapd/desktop', 'PYTHONPATH': '/opt/ros/jazzy/lib/python3.12/site-packages', 'COLCON': '1', 'MEMORY_PRESSURE_WRITE': 'c29tZSAyMDAwMDAgMjAwMDAwMAA=', 'VTE_VERSION': '7600', 'CMAKE_PREFIX_PATH': '/opt/ros/jazzy/opt/gz_math_vendor:/opt/ros/jazzy/opt/gz_utils_vendor:/opt/ros/jazzy/opt/gz_cmake_vendor:/opt/ros/jazzy'}), 'shell': False}
[2.690515] (turtlesim) StdoutLine: {'line': b'[  0%] \x1b[34m\x1b[1mGenerating type hashes for ROS interfaces\x1b[0m\n'}
[2.694991] (turtlesim) StdoutLine: {'line': b'[  0%] Built target ament_cmake_python_copy_turtlesim\n'}
[2.703696] (-) TimerEvent: {}
[2.803957] (-) TimerEvent: {}
[2.836339] (turtlesim) StdoutLine: {'line': b'running egg_info\n'}
[2.836960] (turtlesim) StdoutLine: {'line': b'creating turtlesim.egg-info\n'}
[2.848838] (turtlesim) StdoutLine: {'line': b'writing turtlesim.egg-info/PKG-INFO\n'}
[2.849017] (turtlesim) StdoutLine: {'line': b'writing dependency_links to turtlesim.egg-info/dependency_links.txt\n'}
[2.849084] (turtlesim) StdoutLine: {'line': b'writing top-level names to turtlesim.egg-info/top_level.txt\n'}
[2.849128] (turtlesim) StdoutLine: {'line': b"writing manifest file 'turtlesim.egg-info/SOURCES.txt'\n"}
[2.886571] (turtlesim) StdoutLine: {'line': b"reading manifest file 'turtlesim.egg-info/SOURCES.txt'\n"}
[2.886903] (turtlesim) StdoutLine: {'line': b"writing manifest file 'turtlesim.egg-info/SOURCES.txt'\n"}
[2.900961] (turtlesim) StdoutLine: {'line': b'[  0%] Built target turtlesim__rosidl_generator_type_description\n'}
[2.904046] (-) TimerEvent: {}
[2.905639] (turtlesim) StdoutLine: {'line': b'[  0%] Built target ament_cmake_python_build_turtlesim_egg\n'}
[2.907574] (turtlesim) StdoutLine: {'line': b'[  1%] \x1b[34m\x1b[1mGenerating C code for ROS interfaces\x1b[0m\n'}
[2.913600] (turtlesim) StdoutLine: {'line': b'[  2%] \x1b[34m\x1b[1mGenerating C++ code for ROS interfaces\x1b[0m\n'}
[3.004189] (-) TimerEvent: {}
[3.104425] (-) TimerEvent: {}
[3.204676] (-) TimerEvent: {}
[3.304933] (-) TimerEvent: {}
[3.405153] (-) TimerEvent: {}
[3.505328] (-) TimerEvent: {}
[3.580278] (turtlesim) StdoutLine: {'line': b'[  2%] Built target turtlesim__cpp\n'}
[3.605469] (-) TimerEvent: {}
[3.705647] (-) TimerEvent: {}
[3.723245] (turtlesim) StdoutLine: {'line': b'[  5%] \x1b[32mBuilding C object CMakeFiles/turtlesim__rosidl_generator_c.dir/rosidl_generator_c/turtlesim/action/detail/rotate_absolute__functions.c.o\x1b[0m\n'}
[3.724235] (turtlesim) StdoutLine: {'line': b'[ 11%] \x1b[32mBuilding C object CMakeFiles/turtlesim__rosidl_generator_c.dir/rosidl_generator_c/turtlesim/msg/detail/pose__functions.c.o\x1b[0m\n'}
[3.724456] (turtlesim) StdoutLine: {'line': b'[ 11%] \x1b[32mBuilding C object CMakeFiles/turtlesim__rosidl_generator_c.dir/rosidl_generator_c/turtlesim/srv/detail/kill__description.c.o\x1b[0m\n'}
[3.724529] (turtlesim) StdoutLine: {'line': b'[ 11%] \x1b[32mBuilding C object CMakeFiles/turtlesim__rosidl_generator_c.dir/rosidl_generator_c/turtlesim/msg/detail/pose__description.c.o\x1b[0m\n'}
[3.724613] (turtlesim) StdoutLine: {'line': b'[ 11%] \x1b[32mBuilding C object CMakeFiles/turtlesim__rosidl_generator_c.dir/rosidl_generator_c/turtlesim/msg/detail/color__functions.c.o\x1b[0m\n'}
[3.724685] (turtlesim) StdoutLine: {'line': b'[  5%] \x1b[32mBuilding C object CMakeFiles/turtlesim__rosidl_generator_c.dir/rosidl_generator_c/turtlesim/msg/detail/color__type_support.c.o\x1b[0m\n'}
[3.724753] (turtlesim) StdoutLine: {'line': b'[ 11%] \x1b[32mBuilding C object CMakeFiles/turtlesim__rosidl_generator_c.dir/rosidl_generator_c/turtlesim/action/detail/rotate_absolute__description.c.o\x1b[0m\n'}
[3.724823] (turtlesim) StdoutLine: {'line': b'[ 11%] \x1b[32mBuilding C object CMakeFiles/turtlesim__rosidl_generator_c.dir/rosidl_generator_c/turtlesim/msg/detail/pose__type_support.c.o\x1b[0m\n'}
[3.724870] (turtlesim) StdoutLine: {'line': b'[ 11%] \x1b[32mBuilding C object CMakeFiles/turtlesim__rosidl_generator_c.dir/rosidl_generator_c/turtlesim/action/detail/rotate_absolute__type_support.c.o\x1b[0m\n'}
[3.724915] (turtlesim) StdoutLine: {'line': b'[ 11%] \x1b[32mBuilding C object CMakeFiles/turtlesim__rosidl_generator_c.dir/rosidl_generator_c/turtlesim/msg/detail/color__description.c.o\x1b[0m\n'}
[3.724960] (turtlesim) StdoutLine: {'line': b'[ 14%] \x1b[32mBuilding C object CMakeFiles/turtlesim__rosidl_generator_c.dir/rosidl_generator_c/turtlesim/srv/detail/kill__type_support.c.o\x1b[0m\n'}
[3.725006] (turtlesim) StdoutLine: {'line': b'[ 14%] \x1b[32mBuilding C object CMakeFiles/turtlesim__rosidl_generator_c.dir/rosidl_generator_c/turtlesim/srv/detail/set_pen__description.c.o\x1b[0m\n'}
[3.725053] (turtlesim) StdoutLine: {'line': b'[ 14%] \x1b[32mBuilding C object CMakeFiles/turtlesim__rosidl_generator_c.dir/rosidl_generator_c/turtlesim/srv/detail/set_pen__functions.c.o\x1b[0m\n'}
[3.725157] (turtlesim) StdoutLine: {'line': b'[ 14%] \x1b[32mBuilding C object CMakeFiles/turtlesim__rosidl_generator_c.dir/rosidl_generator_c/turtlesim/srv/detail/kill__functions.c.o\x1b[0m\n'}
[3.725279] (turtlesim) StdoutLine: {'line': b'[ 15%] \x1b[32mBuilding C object CMakeFiles/turtlesim__rosidl_generator_c.dir/rosidl_generator_c/turtlesim/srv/detail/set_pen__type_support.c.o\x1b[0m\n'}
[3.725359] (turtlesim) StdoutLine: {'line': b'[ 16%] \x1b[32mBuilding C object CMakeFiles/turtlesim__rosidl_generator_c.dir/rosidl_generator_c/turtlesim/srv/detail/spawn__description.c.o\x1b[0m\n'}
[3.778044] (turtlesim) StdoutLine: {'line': b'[ 18%] \x1b[32mBuilding C object CMakeFiles/turtlesim__rosidl_generator_c.dir/rosidl_generator_c/turtlesim/srv/detail/spawn__type_support.c.o\x1b[0m\n'}
[3.778866] (turtlesim) StdoutLine: {'line': b'[ 18%] \x1b[32mBuilding C object CMakeFiles/turtlesim__rosidl_generator_c.dir/rosidl_generator_c/turtlesim/srv/detail/spawn__functions.c.o\x1b[0m\n'}
[3.790748] (turtlesim) StdoutLine: {'line': b'[ 20%] \x1b[32mBuilding C object CMakeFiles/turtlesim__rosidl_generator_c.dir/rosidl_generator_c/turtlesim/srv/detail/teleport_absolute__type_support.c.o\x1b[0m\n'}
[3.791063] (turtlesim) StdoutLine: {'line': b'[ 20%] \x1b[32mBuilding C object CMakeFiles/turtlesim__rosidl_generator_c.dir/rosidl_generator_c/turtlesim/srv/detail/teleport_absolute__functions.c.o\x1b[0m\n'}
[3.791166] (turtlesim) StdoutLine: {'line': b'[ 20%] \x1b[32mBuilding C object CMakeFiles/turtlesim__rosidl_generator_c.dir/rosidl_generator_c/turtlesim/srv/detail/teleport_absolute__description.c.o\x1b[0m\n'}
[3.791252] (turtlesim) StdoutLine: {'line': b'[ 21%] \x1b[32mBuilding C object CMakeFiles/turtlesim__rosidl_generator_c.dir/rosidl_generator_c/turtlesim/srv/detail/teleport_relative__description.c.o\x1b[0m\n'}
[3.792623] (turtlesim) StdoutLine: {'line': b'[ 22%] \x1b[32mBuilding C object CMakeFiles/turtlesim__rosidl_generator_c.dir/rosidl_generator_c/turtlesim/srv/detail/teleport_relative__functions.c.o\x1b[0m\n'}
[3.803523] (turtlesim) StdoutLine: {'line': b'[ 23%] \x1b[32mBuilding C object CMakeFiles/turtlesim__rosidl_generator_c.dir/rosidl_generator_c/turtlesim/srv/detail/teleport_relative__type_support.c.o\x1b[0m\n'}
[3.805739] (-) TimerEvent: {}
[3.899126] (turtlesim) StdoutLine: {'line': b'[ 24%] \x1b[32m\x1b[1mLinking C shared library libturtlesim__rosidl_generator_c.so\x1b[0m\n'}
[3.905805] (-) TimerEvent: {}
[3.928078] (turtlesim) StdoutLine: {'line': b'[ 24%] Built target turtlesim__rosidl_generator_c\n'}
[3.935143] (turtlesim) StdoutLine: {'line': b'[ 26%] \x1b[34m\x1b[1mGenerating C++ introspection for ROS interfaces\x1b[0m\n'}
[3.935339] (turtlesim) StdoutLine: {'line': b'[ 26%] \x1b[34m\x1b[1mGenerating C++ type support for eProsima Fast-RTPS\x1b[0m\n'}
[3.935429] (turtlesim) StdoutLine: {'line': b'[ 26%] \x1b[34m\x1b[1mGenerating C++ type support dispatch for ROS interfaces\x1b[0m\n'}
[3.935494] (turtlesim) StdoutLine: {'line': b'[ 29%] \x1b[34m\x1b[1mGenerating C introspection for ROS interfaces\x1b[0m\n'}
[3.935556] (turtlesim) StdoutLine: {'line': b'[ 29%] \x1b[34m\x1b[1mGenerating C type support for eProsima Fast-RTPS\x1b[0m\n'}
[3.935631] (turtlesim) StdoutLine: {'line': b'[ 29%] \x1b[34m\x1b[1mGenerating C type support dispatch for ROS interfaces\x1b[0m\n'}
[4.005948] (-) TimerEvent: {}
[4.106222] (-) TimerEvent: {}
[4.206460] (-) TimerEvent: {}
[4.306722] (-) TimerEvent: {}
[4.357832] (turtlesim) StdoutLine: {'line': b'[ 32%] \x1b[32mBuilding CXX object CMakeFiles/turtlesim__rosidl_typesupport_c.dir/rosidl_typesupport_c/turtlesim/msg/color__type_support.cpp.o\x1b[0m\n'}
[4.358106] (turtlesim) StdoutLine: {'line': b'[ 32%] \x1b[32mBuilding CXX object CMakeFiles/turtlesim__rosidl_typesupport_c.dir/rosidl_typesupport_c/turtlesim/action/rotate_absolute__type_support.cpp.o\x1b[0m\n'}
[4.358196] (turtlesim) StdoutLine: {'line': b'[ 32%] \x1b[32mBuilding CXX object CMakeFiles/turtlesim__rosidl_typesupport_c.dir/rosidl_typesupport_c/turtlesim/msg/pose__type_support.cpp.o\x1b[0m\n'}
[4.360610] (turtlesim) StdoutLine: {'line': b'[ 33%] \x1b[32mBuilding CXX object CMakeFiles/turtlesim__rosidl_typesupport_c.dir/rosidl_typesupport_c/turtlesim/srv/kill__type_support.cpp.o\x1b[0m\n'}
[4.362907] (turtlesim) StdoutLine: {'line': b'[ 33%] \x1b[32mBuilding CXX object CMakeFiles/turtlesim__rosidl_typesupport_c.dir/rosidl_typesupport_c/turtlesim/srv/spawn__type_support.cpp.o\x1b[0m\n'}
[4.363389] (turtlesim) StdoutLine: {'line': b'[ 35%] \x1b[32mBuilding CXX object CMakeFiles/turtlesim__rosidl_typesupport_c.dir/rosidl_typesupport_c/turtlesim/srv/set_pen__type_support.cpp.o\x1b[0m\n'}
[4.363508] (turtlesim) StdoutLine: {'line': b'[ 35%] \x1b[32mBuilding CXX object CMakeFiles/turtlesim__rosidl_typesupport_c.dir/rosidl_typesupport_c/turtlesim/srv/teleport_relative__type_support.cpp.o\x1b[0m\n'}
[4.363663] (turtlesim) StdoutLine: {'line': b'[ 36%] \x1b[32mBuilding CXX object CMakeFiles/turtlesim__rosidl_typesupport_c.dir/rosidl_typesupport_c/turtlesim/srv/teleport_absolute__type_support.cpp.o\x1b[0m\n'}
[4.377992] (turtlesim) StdoutLine: {'line': b'[ 37%] \x1b[32mBuilding CXX object CMakeFiles/turtlesim__rosidl_typesupport_cpp.dir/rosidl_typesupport_cpp/turtlesim/srv/kill__type_support.cpp.o\x1b[0m\n'}
[4.378674] (turtlesim) StdoutLine: {'line': b'[ 38%] \x1b[32mBuilding CXX object CMakeFiles/turtlesim__rosidl_typesupport_cpp.dir/rosidl_typesupport_cpp/turtlesim/action/rotate_absolute__type_support.cpp.o\x1b[0m\n'}
[4.379235] (turtlesim) StdoutLine: {'line': b'[ 39%] \x1b[32mBuilding CXX object CMakeFiles/turtlesim__rosidl_typesupport_cpp.dir/rosidl_typesupport_cpp/turtlesim/msg/color__type_support.cpp.o\x1b[0m\n'}
[4.379914] (turtlesim) StdoutLine: {'line': b'[ 37%] \x1b[32mBuilding CXX object CMakeFiles/turtlesim__rosidl_typesupport_cpp.dir/rosidl_typesupport_cpp/turtlesim/msg/pose__type_support.cpp.o\x1b[0m\n'}
[4.406837] (-) TimerEvent: {}
[4.430426] (turtlesim) StdoutLine: {'line': b'[ 40%] \x1b[32mBuilding CXX object CMakeFiles/turtlesim__rosidl_typesupport_cpp.dir/rosidl_typesupport_cpp/turtlesim/srv/set_pen__type_support.cpp.o\x1b[0m\n'}
[4.431776] (turtlesim) StdoutLine: {'line': b'[ 43%] \x1b[32mBuilding CXX object CMakeFiles/turtlesim__rosidl_typesupport_cpp.dir/rosidl_typesupport_cpp/turtlesim/srv/teleport_relative__type_support.cpp.o\x1b[0m\n'}
[4.431990] (turtlesim) StdoutLine: {'line': b'[ 43%] \x1b[32mBuilding CXX object CMakeFiles/turtlesim__rosidl_typesupport_cpp.dir/rosidl_typesupport_cpp/turtlesim/srv/teleport_absolute__type_support.cpp.o\x1b[0m\n'}
[4.432096] (turtlesim) StdoutLine: {'line': b'[ 43%] \x1b[32mBuilding CXX object CMakeFiles/turtlesim__rosidl_typesupport_cpp.dir/rosidl_typesupport_cpp/turtlesim/srv/spawn__type_support.cpp.o\x1b[0m\n'}
[4.449856] (turtlesim) StdoutLine: {'line': b'[ 44%] \x1b[32m\x1b[1mLinking CXX shared library libturtlesim__rosidl_typesupport_c.so\x1b[0m\n'}
[4.506969] (-) TimerEvent: {}
[4.511937] (turtlesim) StdoutLine: {'line': b'[ 44%] Built target turtlesim__rosidl_typesupport_c\n'}
[4.609069] (-) TimerEvent: {}
[4.645712] (turtlesim) StdoutLine: {'line': b'[ 46%] \x1b[32mBuilding CXX object CMakeFiles/turtlesim__rosidl_typesupport_introspection_cpp.dir/rosidl_typesupport_introspection_cpp/turtlesim/msg/detail/color__type_support.cpp.o\x1b[0m\n'}
[4.646121] (turtlesim) StdoutLine: {'line': b'[ 46%] \x1b[32mBuilding CXX object CMakeFiles/turtlesim__rosidl_typesupport_introspection_cpp.dir/rosidl_typesupport_introspection_cpp/turtlesim/srv/detail/kill__type_support.cpp.o\x1b[0m\n'}
[4.646354] (turtlesim) StdoutLine: {'line': b'[ 47%] \x1b[32mBuilding CXX object CMakeFiles/turtlesim__rosidl_typesupport_introspection_cpp.dir/rosidl_typesupport_introspection_cpp/turtlesim/msg/detail/pose__type_support.cpp.o\x1b[0m\n'}
[4.648785] (turtlesim) StdoutLine: {'line': b'[ 49%] \x1b[32mBuilding CXX object CMakeFiles/turtlesim__rosidl_typesupport_introspection_cpp.dir/rosidl_typesupport_introspection_cpp/turtlesim/srv/detail/set_pen__type_support.cpp.o\x1b[0m\n'}
[4.649138] (turtlesim) StdoutLine: {'line': b'[ 49%] \x1b[32mBuilding CXX object CMakeFiles/turtlesim__rosidl_typesupport_introspection_cpp.dir/rosidl_typesupport_introspection_cpp/turtlesim/action/detail/rotate_absolute__type_support.cpp.o\x1b[0m\n'}
[4.709193] (-) TimerEvent: {}
[4.809647] (-) TimerEvent: {}
[4.871763] (turtlesim) StdoutLine: {'line': b'[ 50%] \x1b[32mBuilding CXX object CMakeFiles/turtlesim__rosidl_typesupport_introspection_cpp.dir/rosidl_typesupport_introspection_cpp/turtlesim/srv/detail/spawn__type_support.cpp.o\x1b[0m\n'}
[4.908979] (turtlesim) StdoutLine: {'line': b'[ 50%] \x1b[32mBuilding CXX object CMakeFiles/turtlesim__rosidl_typesupport_introspection_cpp.dir/rosidl_typesupport_introspection_cpp/turtlesim/srv/detail/teleport_absolute__type_support.cpp.o\x1b[0m\n'}
[4.909723] (-) TimerEvent: {}
[4.962750] (turtlesim) StdoutLine: {'line': b'[ 51%] \x1b[32mBuilding C object CMakeFiles/turtlesim__rosidl_typesupport_introspection_c.dir/rosidl_typesupport_introspection_c/turtlesim/action/detail/rotate_absolute__type_support.c.o\x1b[0m\n'}
[5.009826] (-) TimerEvent: {}
[5.027666] (turtlesim) StdoutLine: {'line': b'[ 52%] \x1b[32mBuilding CXX object CMakeFiles/turtlesim__rosidl_typesupport_introspection_cpp.dir/rosidl_typesupport_introspection_cpp/turtlesim/srv/detail/teleport_relative__type_support.cpp.o\x1b[0m\n'}
[5.032677] (turtlesim) StdoutLine: {'line': b'[ 53%] \x1b[32mBuilding C object CMakeFiles/turtlesim__rosidl_typesupport_introspection_c.dir/rosidl_typesupport_introspection_c/turtlesim/msg/detail/color__type_support.c.o\x1b[0m\n'}
[5.041056] (turtlesim) StdoutLine: {'line': b'[ 53%] \x1b[32mBuilding C object CMakeFiles/turtlesim__rosidl_typesupport_introspection_c.dir/rosidl_typesupport_introspection_c/turtlesim/msg/detail/pose__type_support.c.o\x1b[0m\n'}
[5.052862] (turtlesim) StdoutLine: {'line': b'[ 54%] \x1b[32mBuilding C object CMakeFiles/turtlesim__rosidl_typesupport_introspection_c.dir/rosidl_typesupport_introspection_c/turtlesim/srv/detail/kill__type_support.c.o\x1b[0m\n'}
[5.058126] (turtlesim) StdoutLine: {'line': b'[ 55%] \x1b[32mBuilding C object CMakeFiles/turtlesim__rosidl_typesupport_introspection_c.dir/rosidl_typesupport_introspection_c/turtlesim/srv/detail/set_pen__type_support.c.o\x1b[0m\n'}
[5.076173] (turtlesim) StdoutLine: {'line': b'[ 56%] \x1b[32mBuilding C object CMakeFiles/turtlesim__rosidl_typesupport_introspection_c.dir/rosidl_typesupport_introspection_c/turtlesim/srv/detail/spawn__type_support.c.o\x1b[0m\n'}
[5.089146] (turtlesim) StdoutLine: {'line': b'[ 57%] \x1b[32mBuilding C object CMakeFiles/turtlesim__rosidl_typesupport_introspection_c.dir/rosidl_typesupport_introspection_c/turtlesim/srv/detail/teleport_absolute__type_support.c.o\x1b[0m\n'}
[5.093014] (turtlesim) StdoutLine: {'line': b'[ 58%] \x1b[32mBuilding C object CMakeFiles/turtlesim__rosidl_typesupport_introspection_c.dir/rosidl_typesupport_introspection_c/turtlesim/srv/detail/teleport_relative__type_support.c.o\x1b[0m\n'}
[5.109955] (-) TimerEvent: {}
[5.152166] (turtlesim) StdoutLine: {'line': b'[ 59%] \x1b[32m\x1b[1mLinking C shared library libturtlesim__rosidl_typesupport_introspection_c.so\x1b[0m\n'}
[5.184133] (turtlesim) StdoutLine: {'line': b'[ 59%] Built target turtlesim__rosidl_typesupport_introspection_c\n'}
[5.210109] (-) TimerEvent: {}
[5.236592] (turtlesim) StdoutLine: {'line': b'[ 62%] \x1b[32mBuilding CXX object CMakeFiles/turtlesim__rosidl_typesupport_fastrtps_cpp.dir/rosidl_typesupport_fastrtps_cpp/turtlesim/srv/detail/dds_fastrtps/spawn__type_support.cpp.o\x1b[0m\n'}
[5.236928] (turtlesim) StdoutLine: {'line': b'[ 62%] \x1b[32mBuilding CXX object CMakeFiles/turtlesim__rosidl_typesupport_fastrtps_cpp.dir/rosidl_typesupport_fastrtps_cpp/turtlesim/srv/detail/dds_fastrtps/set_pen__type_support.cpp.o\x1b[0m\n'}
[5.237029] (turtlesim) StdoutLine: {'line': b'[ 62%] \x1b[32mBuilding CXX object CMakeFiles/turtlesim__rosidl_typesupport_fastrtps_cpp.dir/rosidl_typesupport_fastrtps_cpp/turtlesim/msg/detail/dds_fastrtps/pose__type_support.cpp.o\x1b[0m\n'}
[5.237114] (turtlesim) StdoutLine: {'line': b'[ 62%] \x1b[32mBuilding CXX object CMakeFiles/turtlesim__rosidl_typesupport_fastrtps_cpp.dir/rosidl_typesupport_fastrtps_cpp/turtlesim/msg/detail/dds_fastrtps/color__type_support.cpp.o\x1b[0m\n'}
[5.237198] (turtlesim) StdoutLine: {'line': b'[ 63%] \x1b[32mBuilding CXX object CMakeFiles/turtlesim__rosidl_typesupport_fastrtps_cpp.dir/rosidl_typesupport_fastrtps_cpp/turtlesim/srv/detail/dds_fastrtps/teleport_relative__type_support.cpp.o\x1b[0m\n'}
[5.239650] (turtlesim) StdoutLine: {'line': b'[ 64%] \x1b[32mBuilding CXX object CMakeFiles/turtlesim__rosidl_typesupport_fastrtps_cpp.dir/rosidl_typesupport_fastrtps_cpp/turtlesim/srv/detail/dds_fastrtps/teleport_absolute__type_support.cpp.o\x1b[0m\n'}
[5.240049] (turtlesim) StdoutLine: {'line': b'[ 65%] \x1b[32mBuilding CXX object CMakeFiles/turtlesim__rosidl_typesupport_fastrtps_cpp.dir/rosidl_typesupport_fastrtps_cpp/turtlesim/srv/detail/dds_fastrtps/kill__type_support.cpp.o\x1b[0m\n'}
[5.251482] (turtlesim) StdoutLine: {'line': b'[ 66%] \x1b[32mBuilding CXX object CMakeFiles/turtlesim__rosidl_typesupport_fastrtps_cpp.dir/rosidl_typesupport_fastrtps_cpp/turtlesim/action/detail/dds_fastrtps/rotate_absolute__type_support.cpp.o\x1b[0m\n'}
[5.310698] (-) TimerEvent: {}
[5.411172] (-) TimerEvent: {}
[5.499452] (turtlesim) StdoutLine: {'line': b'[ 67%] \x1b[32m\x1b[1mLinking CXX shared library libturtlesim__rosidl_typesupport_cpp.so\x1b[0m\n'}
[5.511420] (-) TimerEvent: {}
[5.556207] (turtlesim) StdoutLine: {'line': b'[ 68%] \x1b[32mBuilding CXX object CMakeFiles/turtlesim__rosidl_typesupport_fastrtps_c.dir/rosidl_typesupport_fastrtps_c/turtlesim/msg/detail/color__type_support_c.cpp.o\x1b[0m\n'}
[5.556894] (turtlesim) StdoutLine: {'line': b'[ 69%] \x1b[32mBuilding CXX object CMakeFiles/turtlesim__rosidl_typesupport_fastrtps_c.dir/rosidl_typesupport_fastrtps_c/turtlesim/msg/detail/pose__type_support_c.cpp.o\x1b[0m\n'}
[5.557197] (turtlesim) StdoutLine: {'line': b'[ 69%] \x1b[32mBuilding CXX object CMakeFiles/turtlesim__rosidl_typesupport_fastrtps_c.dir/rosidl_typesupport_fastrtps_c/turtlesim/action/detail/rotate_absolute__type_support_c.cpp.o\x1b[0m\n'}
[5.560132] (turtlesim) StdoutLine: {'line': b'[ 70%] \x1b[32mBuilding CXX object CMakeFiles/turtlesim__rosidl_typesupport_fastrtps_c.dir/rosidl_typesupport_fastrtps_c/turtlesim/srv/detail/kill__type_support_c.cpp.o\x1b[0m\n'}
[5.563661] (turtlesim) StdoutLine: {'line': b'[ 71%] \x1b[32mBuilding CXX object CMakeFiles/turtlesim__rosidl_typesupport_fastrtps_c.dir/rosidl_typesupport_fastrtps_c/turtlesim/srv/detail/set_pen__type_support_c.cpp.o\x1b[0m\n'}
[5.612736] (-) TimerEvent: {}
[5.682855] (turtlesim) StdoutLine: {'line': b'[ 72%] \x1b[32mBuilding CXX object CMakeFiles/turtlesim__rosidl_typesupport_fastrtps_c.dir/rosidl_typesupport_fastrtps_c/turtlesim/srv/detail/spawn__type_support_c.cpp.o\x1b[0m\n'}
[5.712955] (-) TimerEvent: {}
[5.729797] (turtlesim) StdoutLine: {'line': b'[ 72%] Built target turtlesim__rosidl_typesupport_cpp\n'}
[5.746153] (turtlesim) StdoutLine: {'line': b'[ 73%] \x1b[32mBuilding CXX object CMakeFiles/turtlesim__rosidl_typesupport_fastrtps_c.dir/rosidl_typesupport_fastrtps_c/turtlesim/srv/detail/teleport_absolute__type_support_c.cpp.o\x1b[0m\n'}
[5.813099] (-) TimerEvent: {}
[5.889702] (turtlesim) StdoutLine: {'line': b'[ 74%] \x1b[32m\x1b[1mLinking CXX shared library libturtlesim__rosidl_typesupport_introspection_cpp.so\x1b[0m\n'}
[5.913280] (-) TimerEvent: {}
[6.013755] (-) TimerEvent: {}
[6.059033] (turtlesim) StdoutLine: {'line': b'[ 74%] \x1b[32mBuilding CXX object CMakeFiles/turtlesim__rosidl_typesupport_fastrtps_c.dir/rosidl_typesupport_fastrtps_c/turtlesim/srv/detail/teleport_relative__type_support_c.cpp.o\x1b[0m\n'}
[6.061906] (turtlesim) StdoutLine: {'line': b'[ 75%] \x1b[34m\x1b[1mGenerating include/turtlesim/moc_turtle_frame.cpp\x1b[0m\n'}
[6.076699] (turtlesim) StdoutLine: {'line': b'[ 75%] Built target turtlesim__rosidl_typesupport_introspection_cpp\n'}
[6.114846] (-) TimerEvent: {}
[6.123105] (turtlesim) StdoutLine: {'line': b'[ 76%] \x1b[32mBuilding CXX object CMakeFiles/turtle_teleop_key.dir/tutorials/teleop_turtle_key.cpp.o\x1b[0m\n'}
[6.216915] (-) TimerEvent: {}
[6.254634] (turtlesim) StdoutLine: {'line': b'[ 77%] \x1b[32mBuilding CXX object CMakeFiles/turtlesim_node.dir/src/turtlesim.cpp.o\x1b[0m\n'}
[6.271938] (turtlesim) StdoutLine: {'line': b'[ 78%] \x1b[32mBuilding CXX object CMakeFiles/turtlesim_node.dir/src/turtle.cpp.o\x1b[0m\n'}
[6.279300] (turtlesim) StdoutLine: {'line': b'[ 78%] \x1b[32mBuilding CXX object CMakeFiles/draw_square.dir/tutorials/draw_square.cpp.o\x1b[0m\n'}
[6.314868] (turtlesim) StdoutLine: {'line': b'[ 79%] \x1b[32mBuilding CXX object CMakeFiles/turtlesim_node.dir/src/turtle_frame.cpp.o\x1b[0m\n'}
[6.319699] (-) TimerEvent: {}
[6.328339] (turtlesim) StdoutLine: {'line': b'[ 79%] \x1b[32mBuilding CXX object CMakeFiles/turtlesim_node.dir/include/turtlesim/moc_turtle_frame.cpp.o\x1b[0m\n'}
[6.330867] (turtlesim) StdoutLine: {'line': b'[ 80%] \x1b[32mBuilding CXX object CMakeFiles/mimic.dir/tutorials/mimic.cpp.o\x1b[0m\n'}
[6.419825] (-) TimerEvent: {}
[6.520165] (-) TimerEvent: {}
[6.620512] (-) TimerEvent: {}
[6.660234] (turtlesim) StdoutLine: {'line': b'[ 81%] \x1b[32m\x1b[1mLinking CXX shared library libturtlesim__rosidl_typesupport_fastrtps_c.so\x1b[0m\n'}
[6.720702] (-) TimerEvent: {}
[6.742364] (turtlesim) StdoutLine: {'line': b'[ 82%] \x1b[32m\x1b[1mLinking CXX shared library libturtlesim__rosidl_typesupport_fastrtps_cpp.so\x1b[0m\n'}
[6.750964] (turtlesim) StdoutLine: {'line': b'[ 82%] Built target turtlesim__rosidl_typesupport_fastrtps_c\n'}
[6.820860] (-) TimerEvent: {}
[6.852778] (turtlesim) StdoutLine: {'line': b'[ 82%] Built target turtlesim__rosidl_typesupport_fastrtps_cpp\n'}
[6.879980] (turtlesim) StdoutLine: {'line': b'[ 82%] Built target turtlesim\n'}
[6.901972] (turtlesim) StdoutLine: {'line': b'[ 82%] \x1b[34m\x1b[1mGenerating Python code for ROS interfaces\x1b[0m\n'}
[6.920962] (-) TimerEvent: {}
[7.021311] (-) TimerEvent: {}
[7.121783] (-) TimerEvent: {}
[7.222261] (-) TimerEvent: {}
[7.322639] (-) TimerEvent: {}
[7.422947] (-) TimerEvent: {}
[7.523356] (-) TimerEvent: {}
[7.624219] (-) TimerEvent: {}
[7.725303] (-) TimerEvent: {}
[7.826147] (-) TimerEvent: {}
[7.927597] (-) TimerEvent: {}
[8.028388] (-) TimerEvent: {}
[8.129121] (-) TimerEvent: {}
[8.229448] (-) TimerEvent: {}
[8.329802] (-) TimerEvent: {}
[8.430113] (-) TimerEvent: {}
[8.530492] (-) TimerEvent: {}
[8.601807] (turtlesim) StdoutLine: {'line': b'[ 82%] Built target turtlesim__py\n'}
[8.628414] (turtlesim) StdoutLine: {'line': b'[ 88%] \x1b[32mBuilding C object CMakeFiles/turtlesim__rosidl_generator_py.dir/rosidl_generator_py/turtlesim/action/_rotate_absolute_s.c.o\x1b[0m\n'}
[8.628880] (turtlesim) StdoutLine: {'line': b'[ 88%] \x1b[32mBuilding C object CMakeFiles/turtlesim__rosidl_generator_py.dir/rosidl_generator_py/turtlesim/msg/_color_s.c.o\x1b[0m\n'}
[8.629063] (turtlesim) StdoutLine: {'line': b'[ 88%] \x1b[32mBuilding C object CMakeFiles/turtlesim__rosidl_generator_py.dir/rosidl_generator_py/turtlesim/srv/_kill_s.c.o\x1b[0m\n'}
[8.629207] (turtlesim) StdoutLine: {'line': b'[ 88%] \x1b[32mBuilding C object CMakeFiles/turtlesim__rosidl_generator_py.dir/rosidl_generator_py/turtlesim/srv/_spawn_s.c.o\x1b[0m\n'}
[8.629323] (turtlesim) StdoutLine: {'line': b'[ 88%] \x1b[32mBuilding C object CMakeFiles/turtlesim__rosidl_generator_py.dir/rosidl_generator_py/turtlesim/srv/_set_pen_s.c.o\x1b[0m\n'}
[8.629449] (turtlesim) StdoutLine: {'line': b'[ 88%] \x1b[32mBuilding C object CMakeFiles/turtlesim__rosidl_generator_py.dir/rosidl_generator_py/turtlesim/msg/_pose_s.c.o\x1b[0m\n'}
[8.629579] (turtlesim) StdoutLine: {'line': b'[ 88%] \x1b[32mBuilding C object CMakeFiles/turtlesim__rosidl_generator_py.dir/rosidl_generator_py/turtlesim/srv/_teleport_absolute_s.c.o\x1b[0m\n'}
[8.629707] (turtlesim) StdoutLine: {'line': b'[ 89%] \x1b[32mBuilding C object CMakeFiles/turtlesim__rosidl_generator_py.dir/rosidl_generator_py/turtlesim/srv/_teleport_relative_s.c.o\x1b[0m\n'}
[8.630601] (-) TimerEvent: {}
[8.733754] (-) TimerEvent: {}
[8.834298] (-) TimerEvent: {}
[8.934870] (-) TimerEvent: {}
[9.035550] (-) TimerEvent: {}
[9.077831] (turtlesim) StdoutLine: {'line': b'[ 90%] \x1b[32m\x1b[1mLinking C shared library libturtlesim__rosidl_generator_py.so\x1b[0m\n'}
[9.136033] (-) TimerEvent: {}
[9.172827] (turtlesim) StdoutLine: {'line': b'[ 90%] Built target turtlesim__rosidl_generator_py\n'}
[9.212482] (turtlesim) StdoutLine: {'line': b'[ 93%] \x1b[32mBuilding C object CMakeFiles/turtlesim_s__rosidl_typesupport_fastrtps_c.dir/rosidl_generator_py/turtlesim/_turtlesim_s.ep.rosidl_typesupport_fastrtps_c.c.o\x1b[0m\n'}
[9.212919] (turtlesim) StdoutLine: {'line': b'[ 93%] \x1b[32mBuilding C object CMakeFiles/turtlesim_s__rosidl_typesupport_c.dir/rosidl_generator_py/turtlesim/_turtlesim_s.ep.rosidl_typesupport_c.c.o\x1b[0m\n'}
[9.213010] (turtlesim) StdoutLine: {'line': b'[ 93%] \x1b[32mBuilding C object CMakeFiles/turtlesim_s__rosidl_typesupport_introspection_c.dir/rosidl_generator_py/turtlesim/_turtlesim_s.ep.rosidl_typesupport_introspection_c.c.o\x1b[0m\n'}
[9.236152] (-) TimerEvent: {}
[9.336694] (-) TimerEvent: {}
[9.388344] (turtlesim) StdoutLine: {'line': b'[ 94%] \x1b[32m\x1b[1mLinking C shared module rosidl_generator_py/turtlesim/turtlesim_s__rosidl_typesupport_introspection_c.so\x1b[0m\n'}
[9.396190] (turtlesim) StdoutLine: {'line': b'[ 95%] \x1b[32m\x1b[1mLinking C shared module rosidl_generator_py/turtlesim/turtlesim_s__rosidl_typesupport_fastrtps_c.so\x1b[0m\n'}
[9.420820] (turtlesim) StdoutLine: {'line': b'[ 95%] Built target turtlesim_s__rosidl_typesupport_introspection_c\n'}
[9.428086] (turtlesim) StdoutLine: {'line': b'[ 95%] Built target turtlesim_s__rosidl_typesupport_fastrtps_c\n'}
[9.436803] (-) TimerEvent: {}
[9.474000] (turtlesim) StdoutLine: {'line': b'[ 96%] \x1b[32m\x1b[1mLinking C shared module rosidl_generator_py/turtlesim/turtlesim_s__rosidl_typesupport_c.so\x1b[0m\n'}
[9.505293] (turtlesim) StdoutLine: {'line': b'[ 96%] Built target turtlesim_s__rosidl_typesupport_c\n'}
[9.537017] (-) TimerEvent: {}
[9.637586] (-) TimerEvent: {}
[9.738046] (-) TimerEvent: {}
[9.838529] (-) TimerEvent: {}
[9.938920] (-) TimerEvent: {}
[10.039513] (-) TimerEvent: {}
[10.140247] (-) TimerEvent: {}
[10.240667] (-) TimerEvent: {}
[10.341072] (-) TimerEvent: {}
[10.441467] (-) TimerEvent: {}
[10.541930] (-) TimerEvent: {}
[10.642353] (-) TimerEvent: {}
[10.742889] (-) TimerEvent: {}
[10.843648] (-) TimerEvent: {}
[10.944748] (-) TimerEvent: {}
[11.045839] (-) TimerEvent: {}
[11.146425] (-) TimerEvent: {}
[11.246844] (-) TimerEvent: {}
[11.347225] (-) TimerEvent: {}
[11.447645] (-) TimerEvent: {}
[11.548157] (-) TimerEvent: {}
[11.648598] (-) TimerEvent: {}
[11.749031] (-) TimerEvent: {}
[11.849614] (-) TimerEvent: {}
[11.950046] (-) TimerEvent: {}
[12.050519] (-) TimerEvent: {}
[12.151077] (-) TimerEvent: {}
[12.251464] (-) TimerEvent: {}
[12.351791] (-) TimerEvent: {}
[12.452137] (-) TimerEvent: {}
[12.552539] (-) TimerEvent: {}
[12.652930] (-) TimerEvent: {}
[12.753246] (-) TimerEvent: {}
[12.853679] (-) TimerEvent: {}
[12.954163] (-) TimerEvent: {}
[13.054629] (-) TimerEvent: {}
[13.155193] (-) TimerEvent: {}
[13.224061] (turtlesim) StdoutLine: {'line': b'[ 97%] \x1b[32m\x1b[1mLinking CXX executable turtle_teleop_key\x1b[0m\n'}
[13.255297] (-) TimerEvent: {}
[13.355639] (-) TimerEvent: {}
[13.455987] (-) TimerEvent: {}
[13.483668] (turtlesim) StdoutLine: {'line': b'[ 97%] Built target turtle_teleop_key\n'}
[13.556089] (-) TimerEvent: {}
[13.656416] (-) TimerEvent: {}
[13.756731] (-) TimerEvent: {}
[13.857001] (-) TimerEvent: {}
[13.957291] (-) TimerEvent: {}
[14.057580] (-) TimerEvent: {}
[14.157901] (-) TimerEvent: {}
[14.258229] (-) TimerEvent: {}
[14.358573] (-) TimerEvent: {}
[14.458828] (-) TimerEvent: {}
[14.559061] (-) TimerEvent: {}
[14.659283] (-) TimerEvent: {}
[14.759625] (-) TimerEvent: {}
[14.859947] (-) TimerEvent: {}
[14.960179] (-) TimerEvent: {}
[15.060402] (-) TimerEvent: {}
[15.160636] (-) TimerEvent: {}
[15.260896] (-) TimerEvent: {}
[15.361242] (-) TimerEvent: {}
[15.361616] (turtlesim) StdoutLine: {'line': b'[ 98%] \x1b[32m\x1b[1mLinking CXX executable mimic\x1b[0m\n'}
[15.461406] (-) TimerEvent: {}
[15.561672] (-) TimerEvent: {}
[15.574908] (turtlesim) StdoutLine: {'line': b'[ 98%] Built target mimic\n'}
[15.661870] (-) TimerEvent: {}
[15.762322] (-) TimerEvent: {}
[15.862855] (-) TimerEvent: {}
[15.963386] (-) TimerEvent: {}
[15.978754] (turtlesim) StdoutLine: {'line': b'[ 99%] \x1b[32m\x1b[1mLinking CXX executable draw_square\x1b[0m\n'}
[16.063511] (-) TimerEvent: {}
[16.163884] (-) TimerEvent: {}
[16.264184] (-) TimerEvent: {}
[16.270136] (turtlesim) StdoutLine: {'line': b'[ 99%] Built target draw_square\n'}
[16.364290] (-) TimerEvent: {}
[16.464597] (-) TimerEvent: {}
[16.564890] (-) TimerEvent: {}
[16.665214] (-) TimerEvent: {}
[16.765566] (-) TimerEvent: {}
[16.865825] (-) TimerEvent: {}
[16.966176] (-) TimerEvent: {}
[17.066521] (-) TimerEvent: {}
[17.166838] (-) TimerEvent: {}
[17.267190] (-) TimerEvent: {}
[17.367533] (-) TimerEvent: {}
[17.467892] (-) TimerEvent: {}
[17.568188] (-) TimerEvent: {}
[17.668481] (-) TimerEvent: {}
[17.768706] (-) TimerEvent: {}
[17.868966] (-) TimerEvent: {}
[17.969209] (-) TimerEvent: {}
[18.069658] (-) TimerEvent: {}
[18.170051] (-) TimerEvent: {}
[18.270369] (-) TimerEvent: {}
[18.370666] (-) TimerEvent: {}
[18.470953] (-) TimerEvent: {}
[18.526089] (turtlesim) StdoutLine: {'line': b'[100%] \x1b[32m\x1b[1mLinking CXX executable turtlesim_node\x1b[0m\n'}
[18.571129] (-) TimerEvent: {}
[18.671385] (-) TimerEvent: {}
[18.771753] (-) TimerEvent: {}
[18.872299] (-) TimerEvent: {}
[18.972771] (-) TimerEvent: {}
[19.073174] (-) TimerEvent: {}
[19.173538] (-) TimerEvent: {}
[19.273905] (-) TimerEvent: {}
[19.374310] (-) TimerEvent: {}
[19.474752] (-) TimerEvent: {}
[19.575135] (-) TimerEvent: {}
[19.675556] (-) TimerEvent: {}
[19.775861] (-) TimerEvent: {}
[19.874513] (turtlesim) StdoutLine: {'line': b'[100%] Built target turtlesim_node\n'}
[19.875941] (-) TimerEvent: {}
[19.883704] (turtlesim) CommandEnded: {'returncode': 0}
[19.884199] (turtlesim) JobProgress: {'identifier': 'turtlesim', 'progress': 'install'}
[19.889386] (turtlesim) Command: {'cmd': ['/usr/bin/cmake', '--install', '/home/yilmaz/ros2_ws/build/turtlesim'], 'cwd': '/home/yilmaz/ros2_ws/build/turtlesim', 'env': OrderedDict({'GJS_DEBUG_TOPICS': 'JS ERROR;JS LOG', 'XDG_ACTIVATION_TOKEN': 'gnome-shell/Terminator/2016-1-Andromeda_TIME2445570', 'LESSOPEN': '| /usr/bin/lesspipe %s', 'USER': 'yilmaz', 'XDG_SESSION_TYPE': 'x11', 'CLUTTER_DISABLE_MIPMAPPED_TEXT': '1', 'SHLVL': '1', 'LD_LIBRARY_PATH': '/opt/ros/jazzy/opt/rviz_ogre_vendor/lib:/opt/ros/jazzy/lib/x86_64-linux-gnu:/opt/ros/jazzy/opt/gz_math_vendor/lib:/opt/ros/jazzy/opt/gz_utils_vendor/lib:/opt/ros/jazzy/opt/gz_cmake_vendor/lib:/opt/ros/jazzy/lib', 'HOME': '/home/yilmaz', 'OLDPWD': '/home/yilmaz/ros2_ws/src', 'DESKTOP_SESSION': 'ubuntu', 'GIO_LAUNCHED_DESKTOP_FILE': '/usr/share/applications/terminator.desktop', 'ROS_PYTHON_VERSION': '3', 'GNOME_SHELL_SESSION_MODE': 'ubuntu', 'GTK_MODULES': 'gail:atk-bridge', 'MANAGERPID': '1558', 'SYSTEMD_EXEC_PID': '2016', 'GSM_SKIP_SSH_AGENT_WORKAROUND': 'true', 'DBUS_SESSION_BUS_ADDRESS': 'unix:path=/run/user/1000/bus', 'COLORTERM': 'truecolor', 'TERMINATOR_DBUS_NAME': 'net.tenshu.Terminator21a9d5db22c73a993ff0b42f64b396873', 'GIO_LAUNCHED_DESKTOP_FILE_PID': '8110', 'DEBUGINFOD_URLS': 'https://debuginfod.ubuntu.com', 'COLCON_PREFIX_PATH': '/home/yilmaz/ros2_ws/install', 'ROS_DISTRO': 'jazzy', 'LOGNAME': 'yilmaz', 'JOURNAL_STREAM': '9:10839', '_': '/usr/bin/colcon', 'ROS_VERSION': '2', 'MEMORY_PRESSURE_WATCH': '/sys/fs/cgroup/user.slice/user-1000.slice/user@1000.service/session.slice/org.gnome.Shell@x11.service/memory.pressure', 'XDG_SESSION_CLASS': 'user', 'USERNAME': 'yilmaz', 'TERM': 'xterm-256color', 'GNOME_DESKTOP_SESSION_ID': 'this-is-deprecated', 'WINDOWPATH': '2', 'PATH': '/opt/ros/jazzy/bin:/usr/local/sbin:/usr/local/bin:/usr/sbin:/usr/bin:/sbin:/bin:/usr/games:/usr/local/games:/snap/bin:/snap/bin', 'SESSION_MANAGER': 'local/Andromeda:@/tmp/.ICE-unix/1947,unix/Andromeda:/tmp/.ICE-unix/1947', 'INVOCATION_ID': 'b3bf381ed19547e584239762095fa61e', 'XDG_MENU_PREFIX': 'gnome-', 'XDG_RUNTIME_DIR': '/run/user/1000', 'DISPLAY': ':0', 'TERMINATOR_DBUS_PATH': '/net/tenshu/Terminator2', 'LANG': 'en_US.UTF-8', 'XDG_CURRENT_DESKTOP': 'ubuntu:GNOME', 'XMODIFIERS': '@im=ibus', 'XDG_SESSION_DESKTOP': 'ubuntu', 'XAUTHORITY': '/run/user/1000/gdm/Xauthority', 'LS_COLORS': 'rs=0:di=01;34:ln=01;36:mh=00:pi=40;33:so=01;35:do=01;35:bd=40;33;01:cd=40;33;01:or=40;31;01:mi=00:su=37;41:sg=30;43:ca=00:tw=30;42:ow=34;42:st=37;44:ex=01;32:*.tar=01;31:*.tgz=01;31:*.arc=01;31:*.arj=01;31:*.taz=01;31:*.lha=01;31:*.lz4=01;31:*.lzh=01;31:*.lzma=01;31:*.tlz=01;31:*.txz=01;31:*.tzo=01;31:*.t7z=01;31:*.zip=01;31:*.z=01;31:*.dz=01;31:*.gz=01;31:*.lrz=01;31:*.lz=01;31:*.lzo=01;31:*.xz=01;31:*.zst=01;31:*.tzst=01;31:*.bz2=01;31:*.bz=01;31:*.tbz=01;31:*.tbz2=01;31:*.tz=01;31:*.deb=01;31:*.rpm=01;31:*.jar=01;31:*.war=01;31:*.ear=01;31:*.sar=01;31:*.rar=01;31:*.alz=01;31:*.ace=01;31:*.zoo=01;31:*.cpio=01;31:*.7z=01;31:*.rz=01;31:*.cab=01;31:*.wim=01;31:*.swm=01;31:*.dwm=01;31:*.esd=01;31:*.avif=01;35:*.jpg=01;35:*.jpeg=01;35:*.mjpg=01;35:*.mjpeg=01;35:*.gif=01;35:*.bmp=01;35:*.pbm=01;35:*.pgm=01;35:*.ppm=01;35:*.tga=01;35:*.xbm=01;35:*.xpm=01;35:*.tif=01;35:*.tiff=01;35:*.png=01;35:*.svg=01;35:*.svgz=01;35:*.mng=01;35:*.pcx=01;35:*.mov=01;35:*.mpg=01;35:*.mpeg=01;35:*.m2v=01;35:*.mkv=01;35:*.webm=01;35:*.webp=01;35:*.ogm=01;35:*.mp4=01;35:*.m4v=01;35:*.mp4v=01;35:*.vob=01;35:*.qt=01;35:*.nuv=01;35:*.wmv=01;35:*.asf=01;35:*.rm=01;35:*.rmvb=01;35:*.flc=01;35:*.avi=01;35:*.fli=01;35:*.flv=01;35:*.gl=01;35:*.dl=01;35:*.xcf=01;35:*.xwd=01;35:*.yuv=01;35:*.cgm=01;35:*.emf=01;35:*.ogv=01;35:*.ogx=01;35:*.aac=00;36:*.au=00;36:*.flac=00;36:*.m4a=00;36:*.mid=00;36:*.midi=00;36:*.mka=00;36:*.mp3=00;36:*.mpc=00;36:*.ogg=00;36:*.ra=00;36:*.wav=00;36:*.oga=00;36:*.opus=00;36:*.spx=00;36:*.xspf=00;36:*~=00;90:*#=00;90:*.bak=00;90:*.crdownload=00;90:*.dpkg-dist=00;90:*.dpkg-new=00;90:*.dpkg-old=00;90:*.dpkg-tmp=00;90:*.old=00;90:*.orig=00;90:*.part=00;90:*.rej=00;90:*.rpmnew=00;90:*.rpmorig=00;90:*.rpmsave=00;90:*.swp=00;90:*.tmp=00;90:*.ucf-dist=00;90:*.ucf-new=00;90:*.ucf-old=00;90:', 'SSH_AUTH_SOCK': '/run/user/1000/keyring/ssh', 'AMENT_PREFIX_PATH': '/opt/ros/jazzy', 'SHELL': '/bin/bash', 'TERMINATOR_UUID': 'urn:uuid:e5ad2c2a-964c-4d11-8661-7edb17ee0d60', 'QT_ACCESSIBILITY': '1', 'GDMSESSION': 'ubuntu', 'LESSCLOSE': '/usr/bin/lesspipe %s %s', 'GPG_AGENT_INFO': '/run/user/1000/gnupg/S.gpg-agent:0:1', 'GJS_DEBUG_OUTPUT': 'stderr', 'ROS_AUTOMATIC_DISCOVERY_RANGE': 'SUBNET', 'QT_IM_MODULE': 'ibus', 'PWD': '/home/yilmaz/ros2_ws/build/turtlesim', 'LC_ALL': 'en_US.UTF-8', 'XDG_CONFIG_DIRS': '/etc/xdg/xdg-ubuntu:/etc/xdg', 'XDG_DATA_DIRS': '/usr/share/ubuntu:/usr/share/gnome:/usr/local/share/:/usr/share/:/var/lib/snapd/desktop', 'PYTHONPATH': '/opt/ros/jazzy/lib/python3.12/site-packages', 'COLCON': '1', 'MEMORY_PRESSURE_WRITE': 'c29tZSAyMDAwMDAgMjAwMDAwMAA=', 'VTE_VERSION': '7600', 'CMAKE_PREFIX_PATH': '/opt/ros/jazzy/opt/gz_math_vendor:/opt/ros/jazzy/opt/gz_utils_vendor:/opt/ros/jazzy/opt/gz_cmake_vendor:/opt/ros/jazzy'}), 'shell': False}
[19.894288] (turtlesim) StdoutLine: {'line': b'-- Install configuration: ""\n'}
[19.894410] (turtlesim) StdoutLine: {'line': b'-- Installing: /home/yilmaz/ros2_ws/install/turtlesim/share/ament_index/resource_index/rosidl_interfaces/turtlesim\n'}
[19.894533] (turtlesim) StdoutLine: {'line': b'-- Installing: /home/yilmaz/ros2_ws/install/turtlesim/share/turtlesim/action/RotateAbsolute.json\n'}
[19.894642] (turtlesim) StdoutLine: {'line': b'-- Installing: /home/yilmaz/ros2_ws/install/turtlesim/share/turtlesim/msg/Color.json\n'}
[19.894706] (turtlesim) StdoutLine: {'line': b'-- Installing: /home/yilmaz/ros2_ws/install/turtlesim/share/turtlesim/msg/Pose.json\n'}
[19.894785] (turtlesim) StdoutLine: {'line': b'-- Installing: /home/yilmaz/ros2_ws/install/turtlesim/share/turtlesim/srv/Kill.json\n'}
[19.894848] (turtlesim) StdoutLine: {'line': b'-- Installing: /home/yilmaz/ros2_ws/install/turtlesim/share/turtlesim/srv/SetPen.json\n'}
[19.894907] (turtlesim) StdoutLine: {'line': b'-- Installing: /home/yilmaz/ros2_ws/install/turtlesim/share/turtlesim/srv/Spawn.json\n'}
[19.894967] (turtlesim) StdoutLine: {'line': b'-- Installing: /home/yilmaz/ros2_ws/install/turtlesim/share/turtlesim/srv/TeleportAbsolute.json\n'}
[19.895026] (turtlesim) StdoutLine: {'line': b'-- Installing: /home/yilmaz/ros2_ws/install/turtlesim/share/turtlesim/srv/TeleportRelative.json\n'}
[19.895089] (turtlesim) StdoutLine: {'line': b'-- Installing: /home/yilmaz/ros2_ws/install/turtlesim/include/turtlesim/turtlesim\n'}
[19.895148] (turtlesim) StdoutLine: {'line': b'-- Installing: /home/yilmaz/ros2_ws/install/turtlesim/include/turtlesim/turtlesim/msg\n'}
[19.895203] (turtlesim) StdoutLine: {'line': b'-- Installing: /home/yilmaz/ros2_ws/install/turtlesim/include/turtlesim/turtlesim/msg/detail\n'}
[19.895258] (turtlesim) StdoutLine: {'line': b'-- Installing: /home/yilmaz/ros2_ws/install/turtlesim/include/turtlesim/turtlesim/msg/detail/pose__type_support.c\n'}
[19.895318] (turtlesim) StdoutLine: {'line': b'-- Installing: /home/yilmaz/ros2_ws/install/turtlesim/include/turtlesim/turtlesim/msg/detail/color__functions.h\n'}
[19.895362] (turtlesim) StdoutLine: {'line': b'-- Installing: /home/yilmaz/ros2_ws/install/turtlesim/include/turtlesim/turtlesim/msg/detail/color__type_support.h\n'}
[19.895420] (turtlesim) StdoutLine: {'line': b'-- Installing: /home/yilmaz/ros2_ws/install/turtlesim/include/turtlesim/turtlesim/msg/detail/pose__functions.h\n'}
[19.895464] (turtlesim) StdoutLine: {'line': b'-- Installing: /home/yilmaz/ros2_ws/install/turtlesim/include/turtlesim/turtlesim/msg/detail/pose__type_support.h\n'}
[19.895521] (turtlesim) StdoutLine: {'line': b'-- Installing: /home/yilmaz/ros2_ws/install/turtlesim/include/turtlesim/turtlesim/msg/detail/color__struct.h\n'}
[19.895567] (turtlesim) StdoutLine: {'line': b'-- Installing: /home/yilmaz/ros2_ws/install/turtlesim/include/turtlesim/turtlesim/msg/detail/color__functions.c\n'}
[19.895633] (turtlesim) StdoutLine: {'line': b'-- Installing: /home/yilmaz/ros2_ws/install/turtlesim/include/turtlesim/turtlesim/msg/detail/pose__description.c\n'}
[19.895680] (turtlesim) StdoutLine: {'line': b'-- Installing: /home/yilmaz/ros2_ws/install/turtlesim/include/turtlesim/turtlesim/msg/detail/pose__struct.h\n'}
[19.895741] (turtlesim) StdoutLine: {'line': b'-- Installing: /home/yilmaz/ros2_ws/install/turtlesim/include/turtlesim/turtlesim/msg/detail/color__description.c\n'}
[19.895788] (turtlesim) StdoutLine: {'line': b'-- Installing: /home/yilmaz/ros2_ws/install/turtlesim/include/turtlesim/turtlesim/msg/detail/color__type_support.c\n'}
[19.895843] (turtlesim) StdoutLine: {'line': b'-- Installing: /home/yilmaz/ros2_ws/install/turtlesim/include/turtlesim/turtlesim/msg/detail/pose__functions.c\n'}
[19.895908] (turtlesim) StdoutLine: {'line': b'-- Installing: /home/yilmaz/ros2_ws/install/turtlesim/include/turtlesim/turtlesim/msg/pose.h\n'}
[19.895954] (turtlesim) StdoutLine: {'line': b'-- Installing: /home/yilmaz/ros2_ws/install/turtlesim/include/turtlesim/turtlesim/msg/color.h\n'}
[19.895999] (turtlesim) StdoutLine: {'line': b'-- Installing: /home/yilmaz/ros2_ws/install/turtlesim/include/turtlesim/turtlesim/msg/rosidl_generator_c__visibility_control.h\n'}
[19.896063] (turtlesim) StdoutLine: {'line': b'-- Installing: /home/yilmaz/ros2_ws/install/turtlesim/include/turtlesim/turtlesim/srv\n'}
[19.896109] (turtlesim) StdoutLine: {'line': b'-- Installing: /home/yilmaz/ros2_ws/install/turtlesim/include/turtlesim/turtlesim/srv/detail\n'}
[19.896155] (turtlesim) StdoutLine: {'line': b'-- Installing: /home/yilmaz/ros2_ws/install/turtlesim/include/turtlesim/turtlesim/srv/detail/spawn__type_support.h\n'}
[19.896217] (turtlesim) StdoutLine: {'line': b'-- Installing: /home/yilmaz/ros2_ws/install/turtlesim/include/turtlesim/turtlesim/srv/detail/teleport_absolute__type_support.c\n'}
[19.896264] (turtlesim) StdoutLine: {'line': b'-- Installing: /home/yilmaz/ros2_ws/install/turtlesim/include/turtlesim/turtlesim/srv/detail/teleport_absolute__functions.h\n'}
[19.896310] (turtlesim) StdoutLine: {'line': b'-- Installing: /home/yilmaz/ros2_ws/install/turtlesim/include/turtlesim/turtlesim/srv/detail/set_pen__type_support.h\n'}
[19.896373] (turtlesim) StdoutLine: {'line': b'-- Installing: /home/yilmaz/ros2_ws/install/turtlesim/include/turtlesim/turtlesim/srv/detail/spawn__functions.h\n'}
[19.896430] (turtlesim) StdoutLine: {'line': b'-- Installing: /home/yilmaz/ros2_ws/install/turtlesim/include/turtlesim/turtlesim/srv/detail/teleport_absolute__struct.h\n'}
[19.896475] (turtlesim) StdoutLine: {'line': b'-- Installing: /home/yilmaz/ros2_ws/install/turtlesim/include/turtlesim/turtlesim/srv/detail/spawn__struct.h\n'}
[19.896519] (turtlesim) StdoutLine: {'line': b'-- Installing: /home/yilmaz/ros2_ws/install/turtlesim/include/turtlesim/turtlesim/srv/detail/set_pen__description.c\n'}
[19.896587] (turtlesim) StdoutLine: {'line': b'-- Installing: /home/yilmaz/ros2_ws/install/turtlesim/include/turtlesim/turtlesim/srv/detail/kill__description.c\n'}
[19.896633] (turtlesim) StdoutLine: {'line': b'-- Installing: /home/yilmaz/ros2_ws/install/turtlesim/include/turtlesim/turtlesim/srv/detail/teleport_relative__description.c\n'}
[19.896688] (turtlesim) StdoutLine: {'line': b'-- Installing: /home/yilmaz/ros2_ws/install/turtlesim/include/turtlesim/turtlesim/srv/detail/teleport_relative__type_support.c\n'}
[19.896739] (turtlesim) StdoutLine: {'line': b'-- Installing: /home/yilmaz/ros2_ws/install/turtlesim/include/turtlesim/turtlesim/srv/detail/kill__type_support.c\n'}
[19.896781] (turtlesim) StdoutLine: {'line': b'-- Installing: /home/yilmaz/ros2_ws/install/turtlesim/include/turtlesim/turtlesim/srv/detail/kill__type_support.h\n'}
[19.896824] (turtlesim) StdoutLine: {'line': b'-- Installing: /home/yilmaz/ros2_ws/install/turtlesim/include/turtlesim/turtlesim/srv/detail/teleport_absolute__description.c\n'}
[19.896883] (turtlesim) StdoutLine: {'line': b'-- Installing: /home/yilmaz/ros2_ws/install/turtlesim/include/turtlesim/turtlesim/srv/detail/set_pen__functions.c\n'}
[19.896928] (turtlesim) StdoutLine: {'line': b'-- Installing: /home/yilmaz/ros2_ws/install/turtlesim/include/turtlesim/turtlesim/srv/detail/kill__struct.h\n'}
[19.896970] (turtlesim) StdoutLine: {'line': b'-- Installing: /home/yilmaz/ros2_ws/install/turtlesim/include/turtlesim/turtlesim/srv/detail/set_pen__functions.h\n'}
[19.897029] (turtlesim) StdoutLine: {'line': b'-- Installing: /home/yilmaz/ros2_ws/install/turtlesim/include/turtlesim/turtlesim/srv/detail/kill__functions.h\n'}
[19.897074] (turtlesim) StdoutLine: {'line': b'-- Installing: /home/yilmaz/ros2_ws/install/turtlesim/include/turtlesim/turtlesim/srv/detail/teleport_absolute__functions.c\n'}
[19.897127] (turtlesim) StdoutLine: {'line': b'-- Installing: /home/yilmaz/ros2_ws/install/turtlesim/include/turtlesim/turtlesim/srv/detail/teleport_relative__type_support.h\n'}
[19.897170] (turtlesim) StdoutLine: {'line': b'-- Installing: /home/yilmaz/ros2_ws/install/turtlesim/include/turtlesim/turtlesim/srv/detail/set_pen__struct.h\n'}
[19.897230] (turtlesim) StdoutLine: {'line': b'-- Installing: /home/yilmaz/ros2_ws/install/turtlesim/include/turtlesim/turtlesim/srv/detail/spawn__description.c\n'}
[19.897275] (turtlesim) StdoutLine: {'line': b'-- Installing: /home/yilmaz/ros2_ws/install/turtlesim/include/turtlesim/turtlesim/srv/detail/set_pen__type_support.c\n'}
[19.897317] (turtlesim) StdoutLine: {'line': b'-- Installing: /home/yilmaz/ros2_ws/install/turtlesim/include/turtlesim/turtlesim/srv/detail/spawn__functions.c\n'}
[19.897376] (turtlesim) StdoutLine: {'line': b'-- Installing: /home/yilmaz/ros2_ws/install/turtlesim/include/turtlesim/turtlesim/srv/detail/teleport_relative__functions.h\n'}
[19.897421] (turtlesim) StdoutLine: {'line': b'-- Installing: /home/yilmaz/ros2_ws/install/turtlesim/include/turtlesim/turtlesim/srv/detail/kill__functions.c\n'}
[19.897464] (turtlesim) StdoutLine: {'line': b'-- Installing: /home/yilmaz/ros2_ws/install/turtlesim/include/turtlesim/turtlesim/srv/detail/teleport_relative__struct.h\n'}
[19.897526] (turtlesim) StdoutLine: {'line': b'-- Installing: /home/yilmaz/ros2_ws/install/turtlesim/include/turtlesim/turtlesim/srv/detail/teleport_absolute__type_support.h\n'}
[19.897572] (turtlesim) StdoutLine: {'line': b'-- Installing: /home/yilmaz/ros2_ws/install/turtlesim/include/turtlesim/turtlesim/srv/detail/spawn__type_support.c\n'}
[19.897617] (turtlesim) StdoutLine: {'line': b'-- Installing: /home/yilmaz/ros2_ws/install/turtlesim/include/turtlesim/turtlesim/srv/detail/teleport_relative__functions.c\n'}
[19.897679] (turtlesim) StdoutLine: {'line': b'-- Installing: /home/yilmaz/ros2_ws/install/turtlesim/include/turtlesim/turtlesim/srv/kill.h\n'}
[19.897725] (turtlesim) StdoutLine: {'line': b'-- Installing: /home/yilmaz/ros2_ws/install/turtlesim/include/turtlesim/turtlesim/srv/teleport_absolute.h\n'}
[19.897770] (turtlesim) StdoutLine: {'line': b'-- Installing: /home/yilmaz/ros2_ws/install/turtlesim/include/turtlesim/turtlesim/srv/teleport_relative.h\n'}
[19.897837] (turtlesim) StdoutLine: {'line': b'-- Installing: /home/yilmaz/ros2_ws/install/turtlesim/include/turtlesim/turtlesim/srv/set_pen.h\n'}
[19.897881] (turtlesim) StdoutLine: {'line': b'-- Installing: /home/yilmaz/ros2_ws/install/turtlesim/include/turtlesim/turtlesim/srv/spawn.h\n'}
[19.897924] (turtlesim) StdoutLine: {'line': b'-- Installing: /home/yilmaz/ros2_ws/install/turtlesim/include/turtlesim/turtlesim/action\n'}
[19.897966] (turtlesim) StdoutLine: {'line': b'-- Installing: /home/yilmaz/ros2_ws/install/turtlesim/include/turtlesim/turtlesim/action/detail\n'}
[19.898010] (turtlesim) StdoutLine: {'line': b'-- Installing: /home/yilmaz/ros2_ws/install/turtlesim/include/turtlesim/turtlesim/action/detail/rotate_absolute__struct.h\n'}
[19.898069] (turtlesim) StdoutLine: {'line': b'-- Installing: /home/yilmaz/ros2_ws/install/turtlesim/include/turtlesim/turtlesim/action/detail/rotate_absolute__functions.h\n'}
[19.898114] (turtlesim) StdoutLine: {'line': b'-- Installing: /home/yilmaz/ros2_ws/install/turtlesim/include/turtlesim/turtlesim/action/detail/rotate_absolute__type_support.c\n'}
[19.898170] (turtlesim) StdoutLine: {'line': b'-- Installing: /home/yilmaz/ros2_ws/install/turtlesim/include/turtlesim/turtlesim/action/detail/rotate_absolute__description.c\n'}
[19.898212] (turtlesim) StdoutLine: {'line': b'-- Installing: /home/yilmaz/ros2_ws/install/turtlesim/include/turtlesim/turtlesim/action/detail/rotate_absolute__type_support.h\n'}
[19.898264] (turtlesim) StdoutLine: {'line': b'-- Installing: /home/yilmaz/ros2_ws/install/turtlesim/include/turtlesim/turtlesim/action/detail/rotate_absolute__functions.c\n'}
[19.898309] (turtlesim) StdoutLine: {'line': b'-- Installing: /home/yilmaz/ros2_ws/install/turtlesim/include/turtlesim/turtlesim/action/rotate_absolute.h\n'}
[19.898363] (turtlesim) StdoutLine: {'line': b'-- Installing: /home/yilmaz/ros2_ws/install/turtlesim/share/turtlesim/environment/library_path.sh\n'}
[19.898516] (turtlesim) StdoutLine: {'line': b'-- Installing: /home/yilmaz/ros2_ws/install/turtlesim/share/turtlesim/environment/library_path.dsv\n'}
[19.898615] (turtlesim) StdoutLine: {'line': b'-- Installing: /home/yilmaz/ros2_ws/install/turtlesim/lib/libturtlesim__rosidl_generator_c.so\n'}
[19.898944] (turtlesim) StdoutLine: {'line': b'-- Set non-toolchain portion of runtime path of "/home/yilmaz/ros2_ws/install/turtlesim/lib/libturtlesim__rosidl_generator_c.so" to ""\n'}
[19.899015] (turtlesim) StdoutLine: {'line': b'-- Up-to-date: /home/yilmaz/ros2_ws/install/turtlesim/include/turtlesim/turtlesim\n'}
[19.899059] (turtlesim) StdoutLine: {'line': b'-- Up-to-date: /home/yilmaz/ros2_ws/install/turtlesim/include/turtlesim/turtlesim/msg\n'}
[19.899119] (turtlesim) StdoutLine: {'line': b'-- Up-to-date: /home/yilmaz/ros2_ws/install/turtlesim/include/turtlesim/turtlesim/msg/detail\n'}
[19.899170] (turtlesim) StdoutLine: {'line': b'-- Installing: /home/yilmaz/ros2_ws/install/turtlesim/include/turtlesim/turtlesim/msg/detail/color__rosidl_typesupport_fastrtps_c.h\n'}
[19.899213] (turtlesim) StdoutLine: {'line': b'-- Installing: /home/yilmaz/ros2_ws/install/turtlesim/include/turtlesim/turtlesim/msg/detail/pose__rosidl_typesupport_fastrtps_c.h\n'}
[19.899256] (turtlesim) StdoutLine: {'line': b'-- Installing: /home/yilmaz/ros2_ws/install/turtlesim/include/turtlesim/turtlesim/msg/rosidl_typesupport_fastrtps_c__visibility_control.h\n'}
[19.899298] (turtlesim) StdoutLine: {'line': b'-- Up-to-date: /home/yilmaz/ros2_ws/install/turtlesim/include/turtlesim/turtlesim/srv\n'}
[19.899359] (turtlesim) StdoutLine: {'line': b'-- Up-to-date: /home/yilmaz/ros2_ws/install/turtlesim/include/turtlesim/turtlesim/srv/detail\n'}
[19.899404] (turtlesim) StdoutLine: {'line': b'-- Installing: /home/yilmaz/ros2_ws/install/turtlesim/include/turtlesim/turtlesim/srv/detail/spawn__rosidl_typesupport_fastrtps_c.h\n'}
[19.899447] (turtlesim) StdoutLine: {'line': b'-- Installing: /home/yilmaz/ros2_ws/install/turtlesim/include/turtlesim/turtlesim/srv/detail/teleport_relative__rosidl_typesupport_fastrtps_c.h\n'}
[19.899488] (turtlesim) StdoutLine: {'line': b'-- Installing: /home/yilmaz/ros2_ws/install/turtlesim/include/turtlesim/turtlesim/srv/detail/teleport_absolute__rosidl_typesupport_fastrtps_c.h\n'}
[19.899530] (turtlesim) StdoutLine: {'line': b'-- Installing: /home/yilmaz/ros2_ws/install/turtlesim/include/turtlesim/turtlesim/srv/detail/kill__rosidl_typesupport_fastrtps_c.h\n'}
[19.899593] (turtlesim) StdoutLine: {'line': b'-- Installing: /home/yilmaz/ros2_ws/install/turtlesim/include/turtlesim/turtlesim/srv/detail/set_pen__rosidl_typesupport_fastrtps_c.h\n'}
[19.899634] (turtlesim) StdoutLine: {'line': b'-- Up-to-date: /home/yilmaz/ros2_ws/install/turtlesim/include/turtlesim/turtlesim/action\n'}
[19.899672] (turtlesim) StdoutLine: {'line': b'-- Up-to-date: /home/yilmaz/ros2_ws/install/turtlesim/include/turtlesim/turtlesim/action/detail\n'}
[19.899713] (turtlesim) StdoutLine: {'line': b'-- Installing: /home/yilmaz/ros2_ws/install/turtlesim/include/turtlesim/turtlesim/action/detail/rotate_absolute__rosidl_typesupport_fastrtps_c.h\n'}
[19.899751] (turtlesim) StdoutLine: {'line': b'-- Installing: /home/yilmaz/ros2_ws/install/turtlesim/lib/libturtlesim__rosidl_typesupport_fastrtps_c.so\n'}
[19.899801] (turtlesim) StdoutLine: {'line': b'-- Set non-toolchain portion of runtime path of "/home/yilmaz/ros2_ws/install/turtlesim/lib/libturtlesim__rosidl_typesupport_fastrtps_c.so" to ""\n'}
[19.899863] (turtlesim) StdoutLine: {'line': b'-- Up-to-date: /home/yilmaz/ros2_ws/install/turtlesim/include/turtlesim/turtlesim\n'}
[19.899907] (turtlesim) StdoutLine: {'line': b'-- Up-to-date: /home/yilmaz/ros2_ws/install/turtlesim/include/turtlesim/turtlesim/msg\n'}
[19.899963] (turtlesim) StdoutLine: {'line': b'-- Up-to-date: /home/yilmaz/ros2_ws/install/turtlesim/include/turtlesim/turtlesim/msg/detail\n'}
[19.900006] (turtlesim) StdoutLine: {'line': b'-- Installing: /home/yilmaz/ros2_ws/install/turtlesim/include/turtlesim/turtlesim/msg/detail/pose__traits.hpp\n'}
[19.900049] (turtlesim) StdoutLine: {'line': b'-- Installing: /home/yilmaz/ros2_ws/install/turtlesim/include/turtlesim/turtlesim/msg/detail/pose__struct.hpp\n'}
[19.900109] (turtlesim) StdoutLine: {'line': b'-- Installing: /home/yilmaz/ros2_ws/install/turtlesim/include/turtlesim/turtlesim/msg/detail/pose__type_support.hpp\n'}
[19.900153] (turtlesim) StdoutLine: {'line': b'-- Installing: /home/yilmaz/ros2_ws/install/turtlesim/include/turtlesim/turtlesim/msg/detail/color__struct.hpp\n'}
[19.900196] (turtlesim) StdoutLine: {'line': b'-- Installing: /home/yilmaz/ros2_ws/install/turtlesim/include/turtlesim/turtlesim/msg/detail/color__type_support.hpp\n'}
[19.900239] (turtlesim) StdoutLine: {'line': b'-- Installing: /home/yilmaz/ros2_ws/install/turtlesim/include/turtlesim/turtlesim/msg/detail/color__builder.hpp\n'}
[19.900299] (turtlesim) StdoutLine: {'line': b'-- Installing: /home/yilmaz/ros2_ws/install/turtlesim/include/turtlesim/turtlesim/msg/detail/color__traits.hpp\n'}
[19.900356] (turtlesim) StdoutLine: {'line': b'-- Installing: /home/yilmaz/ros2_ws/install/turtlesim/include/turtlesim/turtlesim/msg/detail/pose__builder.hpp\n'}
[19.900415] (turtlesim) StdoutLine: {'line': b'-- Installing: /home/yilmaz/ros2_ws/install/turtlesim/include/turtlesim/turtlesim/msg/color.hpp\n'}
[19.900457] (turtlesim) StdoutLine: {'line': b'-- Installing: /home/yilmaz/ros2_ws/install/turtlesim/include/turtlesim/turtlesim/msg/rosidl_generator_cpp__visibility_control.hpp\n'}
[19.900501] (turtlesim) StdoutLine: {'line': b'-- Installing: /home/yilmaz/ros2_ws/install/turtlesim/include/turtlesim/turtlesim/msg/pose.hpp\n'}
[19.900543] (turtlesim) StdoutLine: {'line': b'-- Up-to-date: /home/yilmaz/ros2_ws/install/turtlesim/include/turtlesim/turtlesim/srv\n'}
[19.900589] (turtlesim) StdoutLine: {'line': b'-- Up-to-date: /home/yilmaz/ros2_ws/install/turtlesim/include/turtlesim/turtlesim/srv/detail\n'}
[19.900637] (turtlesim) StdoutLine: {'line': b'-- Installing: /home/yilmaz/ros2_ws/install/turtlesim/include/turtlesim/turtlesim/srv/detail/teleport_relative__struct.hpp\n'}
[19.900700] (turtlesim) StdoutLine: {'line': b'-- Installing: /home/yilmaz/ros2_ws/install/turtlesim/include/turtlesim/turtlesim/srv/detail/set_pen__struct.hpp\n'}
[19.900746] (turtlesim) StdoutLine: {'line': b'-- Installing: /home/yilmaz/ros2_ws/install/turtlesim/include/turtlesim/turtlesim/srv/detail/spawn__traits.hpp\n'}
[19.900788] (turtlesim) StdoutLine: {'line': b'-- Installing: /home/yilmaz/ros2_ws/install/turtlesim/include/turtlesim/turtlesim/srv/detail/teleport_relative__builder.hpp\n'}
[19.900831] (turtlesim) StdoutLine: {'line': b'-- Installing: /home/yilmaz/ros2_ws/install/turtlesim/include/turtlesim/turtlesim/srv/detail/kill__builder.hpp\n'}
[19.900875] (turtlesim) StdoutLine: {'line': b'-- Installing: /home/yilmaz/ros2_ws/install/turtlesim/include/turtlesim/turtlesim/srv/detail/set_pen__type_support.hpp\n'}
[19.900938] (turtlesim) StdoutLine: {'line': b'-- Installing: /home/yilmaz/ros2_ws/install/turtlesim/include/turtlesim/turtlesim/srv/detail/kill__traits.hpp\n'}
[19.900982] (turtlesim) StdoutLine: {'line': b'-- Installing: /home/yilmaz/ros2_ws/install/turtlesim/include/turtlesim/turtlesim/srv/detail/spawn__builder.hpp\n'}
[19.901026] (turtlesim) StdoutLine: {'line': b'-- Installing: /home/yilmaz/ros2_ws/install/turtlesim/include/turtlesim/turtlesim/srv/detail/teleport_relative__type_support.hpp\n'}
[19.901069] (turtlesim) StdoutLine: {'line': b'-- Installing: /home/yilmaz/ros2_ws/install/turtlesim/include/turtlesim/turtlesim/srv/detail/teleport_absolute__builder.hpp\n'}
[19.901112] (turtlesim) StdoutLine: {'line': b'-- Installing: /home/yilmaz/ros2_ws/install/turtlesim/include/turtlesim/turtlesim/srv/detail/kill__type_support.hpp\n'}
[19.901155] (turtlesim) StdoutLine: {'line': b'-- Installing: /home/yilmaz/ros2_ws/install/turtlesim/include/turtlesim/turtlesim/srv/detail/spawn__type_support.hpp\n'}
[19.901222] (turtlesim) StdoutLine: {'line': b'-- Installing: /home/yilmaz/ros2_ws/install/turtlesim/include/turtlesim/turtlesim/srv/detail/teleport_absolute__traits.hpp\n'}
[19.901266] (turtlesim) StdoutLine: {'line': b'-- Installing: /home/yilmaz/ros2_ws/install/turtlesim/include/turtlesim/turtlesim/srv/detail/set_pen__traits.hpp\n'}
[19.901309] (turtlesim) StdoutLine: {'line': b'-- Installing: /home/yilmaz/ros2_ws/install/turtlesim/include/turtlesim/turtlesim/srv/detail/set_pen__builder.hpp\n'}
[19.901352] (turtlesim) StdoutLine: {'line': b'-- Installing: /home/yilmaz/ros2_ws/install/turtlesim/include/turtlesim/turtlesim/srv/detail/kill__struct.hpp\n'}
[19.901395] (turtlesim) StdoutLine: {'line': b'-- Installing: /home/yilmaz/ros2_ws/install/turtlesim/include/turtlesim/turtlesim/srv/detail/teleport_absolute__struct.hpp\n'}
[19.901437] (turtlesim) StdoutLine: {'line': b'-- Installing: /home/yilmaz/ros2_ws/install/turtlesim/include/turtlesim/turtlesim/srv/detail/teleport_relative__traits.hpp\n'}
[19.901501] (turtlesim) StdoutLine: {'line': b'-- Installing: /home/yilmaz/ros2_ws/install/turtlesim/include/turtlesim/turtlesim/srv/detail/spawn__struct.hpp\n'}
[19.901545] (turtlesim) StdoutLine: {'line': b'-- Installing: /home/yilmaz/ros2_ws/install/turtlesim/include/turtlesim/turtlesim/srv/detail/teleport_absolute__type_support.hpp\n'}
[19.901591] (turtlesim) StdoutLine: {'line': b'-- Installing: /home/yilmaz/ros2_ws/install/turtlesim/include/turtlesim/turtlesim/srv/spawn.hpp\n'}
[19.901633] (turtlesim) StdoutLine: {'line': b'-- Installing: /home/yilmaz/ros2_ws/install/turtlesim/include/turtlesim/turtlesim/srv/teleport_relative.hpp\n'}
[19.901674] (turtlesim) StdoutLine: {'line': b'-- Installing: /home/yilmaz/ros2_ws/install/turtlesim/include/turtlesim/turtlesim/srv/teleport_absolute.hpp\n'}
[19.901718] (turtlesim) StdoutLine: {'line': b'-- Installing: /home/yilmaz/ros2_ws/install/turtlesim/include/turtlesim/turtlesim/srv/kill.hpp\n'}
[19.901781] (turtlesim) StdoutLine: {'line': b'-- Installing: /home/yilmaz/ros2_ws/install/turtlesim/include/turtlesim/turtlesim/srv/set_pen.hpp\n'}
[19.901830] (turtlesim) StdoutLine: {'line': b'-- Up-to-date: /home/yilmaz/ros2_ws/install/turtlesim/include/turtlesim/turtlesim/action\n'}
[19.901873] (turtlesim) StdoutLine: {'line': b'-- Up-to-date: /home/yilmaz/ros2_ws/install/turtlesim/include/turtlesim/turtlesim/action/detail\n'}
[19.901916] (turtlesim) StdoutLine: {'line': b'-- Installing: /home/yilmaz/ros2_ws/install/turtlesim/include/turtlesim/turtlesim/action/detail/rotate_absolute__struct.hpp\n'}
[19.901972] (turtlesim) StdoutLine: {'line': b'-- Installing: /home/yilmaz/ros2_ws/install/turtlesim/include/turtlesim/turtlesim/action/detail/rotate_absolute__type_support.hpp\n'}
[19.902020] (turtlesim) StdoutLine: {'line': b'-- Installing: /home/yilmaz/ros2_ws/install/turtlesim/include/turtlesim/turtlesim/action/detail/rotate_absolute__traits.hpp\n'}
[19.902066] (turtlesim) StdoutLine: {'line': b'-- Installing: /home/yilmaz/ros2_ws/install/turtlesim/include/turtlesim/turtlesim/action/detail/rotate_absolute__builder.hpp\n'}
[19.902147] (turtlesim) StdoutLine: {'line': b'-- Installing: /home/yilmaz/ros2_ws/install/turtlesim/include/turtlesim/turtlesim/action/rotate_absolute.hpp\n'}
[19.902191] (turtlesim) StdoutLine: {'line': b'-- Up-to-date: /home/yilmaz/ros2_ws/install/turtlesim/include/turtlesim/turtlesim\n'}
[19.902238] (turtlesim) StdoutLine: {'line': b'-- Up-to-date: /home/yilmaz/ros2_ws/install/turtlesim/include/turtlesim/turtlesim/msg\n'}
[19.902279] (turtlesim) StdoutLine: {'line': b'-- Up-to-date: /home/yilmaz/ros2_ws/install/turtlesim/include/turtlesim/turtlesim/msg/detail\n'}
[19.902365] (turtlesim) StdoutLine: {'line': b'-- Installing: /home/yilmaz/ros2_ws/install/turtlesim/include/turtlesim/turtlesim/msg/detail/dds_fastrtps\n'}
[19.902415] (turtlesim) StdoutLine: {'line': b'-- Installing: /home/yilmaz/ros2_ws/install/turtlesim/include/turtlesim/turtlesim/msg/detail/pose__rosidl_typesupport_fastrtps_cpp.hpp\n'}
[19.902463] (turtlesim) StdoutLine: {'line': b'-- Installing: /home/yilmaz/ros2_ws/install/turtlesim/include/turtlesim/turtlesim/msg/detail/color__rosidl_typesupport_fastrtps_cpp.hpp\n'}
[19.902506] (turtlesim) StdoutLine: {'line': b'-- Installing: /home/yilmaz/ros2_ws/install/turtlesim/include/turtlesim/turtlesim/msg/rosidl_typesupport_fastrtps_cpp__visibility_control.h\n'}
[19.902549] (turtlesim) StdoutLine: {'line': b'-- Up-to-date: /home/yilmaz/ros2_ws/install/turtlesim/include/turtlesim/turtlesim/srv\n'}
[19.902591] (turtlesim) StdoutLine: {'line': b'-- Up-to-date: /home/yilmaz/ros2_ws/install/turtlesim/include/turtlesim/turtlesim/srv/detail\n'}
[19.902643] (turtlesim) StdoutLine: {'line': b'-- Installing: /home/yilmaz/ros2_ws/install/turtlesim/include/turtlesim/turtlesim/srv/detail/set_pen__rosidl_typesupport_fastrtps_cpp.hpp\n'}
[19.902690] (turtlesim) StdoutLine: {'line': b'-- Installing: /home/yilmaz/ros2_ws/install/turtlesim/include/turtlesim/turtlesim/srv/detail/teleport_relative__rosidl_typesupport_fastrtps_cpp.hpp\n'}
[19.902734] (turtlesim) StdoutLine: {'line': b'-- Installing: /home/yilmaz/ros2_ws/install/turtlesim/include/turtlesim/turtlesim/srv/detail/teleport_absolute__rosidl_typesupport_fastrtps_cpp.hpp\n'}
[19.902775] (turtlesim) StdoutLine: {'line': b'-- Installing: /home/yilmaz/ros2_ws/install/turtlesim/include/turtlesim/turtlesim/srv/detail/kill__rosidl_typesupport_fastrtps_cpp.hpp\n'}
[19.902837] (turtlesim) StdoutLine: {'line': b'-- Installing: /home/yilmaz/ros2_ws/install/turtlesim/include/turtlesim/turtlesim/srv/detail/spawn__rosidl_typesupport_fastrtps_cpp.hpp\n'}
[19.902878] (turtlesim) StdoutLine: {'line': b'-- Installing: /home/yilmaz/ros2_ws/install/turtlesim/include/turtlesim/turtlesim/srv/detail/dds_fastrtps\n'}
[19.902917] (turtlesim) StdoutLine: {'line': b'-- Up-to-date: /home/yilmaz/ros2_ws/install/turtlesim/include/turtlesim/turtlesim/action\n'}
[19.902956] (turtlesim) StdoutLine: {'line': b'-- Up-to-date: /home/yilmaz/ros2_ws/install/turtlesim/include/turtlesim/turtlesim/action/detail\n'}
[19.902994] (turtlesim) StdoutLine: {'line': b'-- Installing: /home/yilmaz/ros2_ws/install/turtlesim/include/turtlesim/turtlesim/action/detail/dds_fastrtps\n'}
[19.903033] (turtlesim) StdoutLine: {'line': b'-- Installing: /home/yilmaz/ros2_ws/install/turtlesim/include/turtlesim/turtlesim/action/detail/rotate_absolute__rosidl_typesupport_fastrtps_cpp.hpp\n'}
[19.903072] (turtlesim) StdoutLine: {'line': b'-- Installing: /home/yilmaz/ros2_ws/install/turtlesim/lib/libturtlesim__rosidl_typesupport_fastrtps_cpp.so\n'}
[19.903252] (turtlesim) StdoutLine: {'line': b'-- Set non-toolchain portion of runtime path of "/home/yilmaz/ros2_ws/install/turtlesim/lib/libturtlesim__rosidl_typesupport_fastrtps_cpp.so" to ""\n'}
[19.903318] (turtlesim) StdoutLine: {'line': b'-- Up-to-date: /home/yilmaz/ros2_ws/install/turtlesim/include/turtlesim/turtlesim\n'}
[19.903362] (turtlesim) StdoutLine: {'line': b'-- Up-to-date: /home/yilmaz/ros2_ws/install/turtlesim/include/turtlesim/turtlesim/msg\n'}
[19.903406] (turtlesim) StdoutLine: {'line': b'-- Up-to-date: /home/yilmaz/ros2_ws/install/turtlesim/include/turtlesim/turtlesim/msg/detail\n'}
[19.903449] (turtlesim) StdoutLine: {'line': b'-- Installing: /home/yilmaz/ros2_ws/install/turtlesim/include/turtlesim/turtlesim/msg/detail/pose__type_support.c\n'}
[19.903512] (turtlesim) StdoutLine: {'line': b'-- Installing: /home/yilmaz/ros2_ws/install/turtlesim/include/turtlesim/turtlesim/msg/detail/pose__rosidl_typesupport_introspection_c.h\n'}
[19.903557] (turtlesim) StdoutLine: {'line': b'-- Installing: /home/yilmaz/ros2_ws/install/turtlesim/include/turtlesim/turtlesim/msg/detail/color__rosidl_typesupport_introspection_c.h\n'}
[19.903601] (turtlesim) StdoutLine: {'line': b'-- Installing: /home/yilmaz/ros2_ws/install/turtlesim/include/turtlesim/turtlesim/msg/detail/color__type_support.c\n'}
[19.903660] (turtlesim) StdoutLine: {'line': b'-- Installing: /home/yilmaz/ros2_ws/install/turtlesim/include/turtlesim/turtlesim/msg/rosidl_typesupport_introspection_c__visibility_control.h\n'}
[19.903706] (turtlesim) StdoutLine: {'line': b'-- Up-to-date: /home/yilmaz/ros2_ws/install/turtlesim/include/turtlesim/turtlesim/srv\n'}
[19.903749] (turtlesim) StdoutLine: {'line': b'-- Up-to-date: /home/yilmaz/ros2_ws/install/turtlesim/include/turtlesim/turtlesim/srv/detail\n'}
[19.903793] (turtlesim) StdoutLine: {'line': b'-- Installing: /home/yilmaz/ros2_ws/install/turtlesim/include/turtlesim/turtlesim/srv/detail/teleport_absolute__type_support.c\n'}
[19.903853] (turtlesim) StdoutLine: {'line': b'-- Installing: /home/yilmaz/ros2_ws/install/turtlesim/include/turtlesim/turtlesim/srv/detail/spawn__rosidl_typesupport_introspection_c.h\n'}
[19.903896] (turtlesim) StdoutLine: {'line': b'-- Installing: /home/yilmaz/ros2_ws/install/turtlesim/include/turtlesim/turtlesim/srv/detail/teleport_absolute__rosidl_typesupport_introspection_c.h\n'}
[19.903949] (turtlesim) StdoutLine: {'line': b'-- Installing: /home/yilmaz/ros2_ws/install/turtlesim/include/turtlesim/turtlesim/srv/detail/teleport_relative__type_support.c\n'}
[19.903992] (turtlesim) StdoutLine: {'line': b'-- Installing: /home/yilmaz/ros2_ws/install/turtlesim/include/turtlesim/turtlesim/srv/detail/kill__type_support.c\n'}
[19.904036] (turtlesim) StdoutLine: {'line': b'-- Installing: /home/yilmaz/ros2_ws/install/turtlesim/include/turtlesim/turtlesim/srv/detail/set_pen__type_support.c\n'}
[19.904095] (turtlesim) StdoutLine: {'line': b'-- Installing: /home/yilmaz/ros2_ws/install/turtlesim/include/turtlesim/turtlesim/srv/detail/kill__rosidl_typesupport_introspection_c.h\n'}
[19.904140] (turtlesim) StdoutLine: {'line': b'-- Installing: /home/yilmaz/ros2_ws/install/turtlesim/include/turtlesim/turtlesim/srv/detail/set_pen__rosidl_typesupport_introspection_c.h\n'}
[19.904183] (turtlesim) StdoutLine: {'line': b'-- Installing: /home/yilmaz/ros2_ws/install/turtlesim/include/turtlesim/turtlesim/srv/detail/spawn__type_support.c\n'}
[19.904246] (turtlesim) StdoutLine: {'line': b'-- Installing: /home/yilmaz/ros2_ws/install/turtlesim/include/turtlesim/turtlesim/srv/detail/teleport_relative__rosidl_typesupport_introspection_c.h\n'}
[19.904291] (turtlesim) StdoutLine: {'line': b'-- Up-to-date: /home/yilmaz/ros2_ws/install/turtlesim/include/turtlesim/turtlesim/action\n'}
[19.904333] (turtlesim) StdoutLine: {'line': b'-- Up-to-date: /home/yilmaz/ros2_ws/install/turtlesim/include/turtlesim/turtlesim/action/detail\n'}
[19.904375] (turtlesim) StdoutLine: {'line': b'-- Installing: /home/yilmaz/ros2_ws/install/turtlesim/include/turtlesim/turtlesim/action/detail/rotate_absolute__type_support.c\n'}
[19.904430] (turtlesim) StdoutLine: {'line': b'-- Installing: /home/yilmaz/ros2_ws/install/turtlesim/include/turtlesim/turtlesim/action/detail/rotate_absolute__rosidl_typesupport_introspection_c.h\n'}
[19.904472] (turtlesim) StdoutLine: {'line': b'-- Installing: /home/yilmaz/ros2_ws/install/turtlesim/lib/libturtlesim__rosidl_typesupport_introspection_c.so\n'}
[19.904551] (turtlesim) StdoutLine: {'line': b'-- Set non-toolchain portion of runtime path of "/home/yilmaz/ros2_ws/install/turtlesim/lib/libturtlesim__rosidl_typesupport_introspection_c.so" to ""\n'}
[19.904608] (turtlesim) StdoutLine: {'line': b'-- Installing: /home/yilmaz/ros2_ws/install/turtlesim/lib/libturtlesim__rosidl_typesupport_c.so\n'}
[19.904774] (turtlesim) StdoutLine: {'line': b'-- Set non-toolchain portion of runtime path of "/home/yilmaz/ros2_ws/install/turtlesim/lib/libturtlesim__rosidl_typesupport_c.so" to ""\n'}
[19.904833] (turtlesim) StdoutLine: {'line': b'-- Up-to-date: /home/yilmaz/ros2_ws/install/turtlesim/include/turtlesim/turtlesim\n'}
[19.904876] (turtlesim) StdoutLine: {'line': b'-- Up-to-date: /home/yilmaz/ros2_ws/install/turtlesim/include/turtlesim/turtlesim/msg\n'}
[19.904919] (turtlesim) StdoutLine: {'line': b'-- Up-to-date: /home/yilmaz/ros2_ws/install/turtlesim/include/turtlesim/turtlesim/msg/detail\n'}
[19.904980] (turtlesim) StdoutLine: {'line': b'-- Installing: /home/yilmaz/ros2_ws/install/turtlesim/include/turtlesim/turtlesim/msg/detail/pose__type_support.cpp\n'}
[19.905025] (turtlesim) StdoutLine: {'line': b'-- Installing: /home/yilmaz/ros2_ws/install/turtlesim/include/turtlesim/turtlesim/msg/detail/pose__rosidl_typesupport_introspection_cpp.hpp\n'}
[19.905066] (turtlesim) StdoutLine: {'line': b'-- Installing: /home/yilmaz/ros2_ws/install/turtlesim/include/turtlesim/turtlesim/msg/detail/color__rosidl_typesupport_introspection_cpp.hpp\n'}
[19.905108] (turtlesim) StdoutLine: {'line': b'-- Installing: /home/yilmaz/ros2_ws/install/turtlesim/include/turtlesim/turtlesim/msg/detail/color__type_support.cpp\n'}
[19.905167] (turtlesim) StdoutLine: {'line': b'-- Up-to-date: /home/yilmaz/ros2_ws/install/turtlesim/include/turtlesim/turtlesim/srv\n'}
[19.905209] (turtlesim) StdoutLine: {'line': b'-- Up-to-date: /home/yilmaz/ros2_ws/install/turtlesim/include/turtlesim/turtlesim/srv/detail\n'}
[19.905251] (turtlesim) StdoutLine: {'line': b'-- Installing: /home/yilmaz/ros2_ws/install/turtlesim/include/turtlesim/turtlesim/srv/detail/set_pen__rosidl_typesupport_introspection_cpp.hpp\n'}
[19.905293] (turtlesim) StdoutLine: {'line': b'-- Installing: /home/yilmaz/ros2_ws/install/turtlesim/include/turtlesim/turtlesim/srv/detail/spawn__rosidl_typesupport_introspection_cpp.hpp\n'}
[19.905347] (turtlesim) StdoutLine: {'line': b'-- Installing: /home/yilmaz/ros2_ws/install/turtlesim/include/turtlesim/turtlesim/srv/detail/teleport_relative__type_support.cpp\n'}
[19.905390] (turtlesim) StdoutLine: {'line': b'-- Installing: /home/yilmaz/ros2_ws/install/turtlesim/include/turtlesim/turtlesim/srv/detail/teleport_absolute__rosidl_typesupport_introspection_cpp.hpp\n'}
[19.905432] (turtlesim) StdoutLine: {'line': b'-- Installing: /home/yilmaz/ros2_ws/install/turtlesim/include/turtlesim/turtlesim/srv/detail/set_pen__type_support.cpp\n'}
[19.905473] (turtlesim) StdoutLine: {'line': b'-- Installing: /home/yilmaz/ros2_ws/install/turtlesim/include/turtlesim/turtlesim/srv/detail/kill__type_support.cpp\n'}
[19.905532] (turtlesim) StdoutLine: {'line': b'-- Installing: /home/yilmaz/ros2_ws/install/turtlesim/include/turtlesim/turtlesim/srv/detail/kill__rosidl_typesupport_introspection_cpp.hpp\n'}
[19.905577] (turtlesim) StdoutLine: {'line': b'-- Installing: /home/yilmaz/ros2_ws/install/turtlesim/include/turtlesim/turtlesim/srv/detail/teleport_absolute__type_support.cpp\n'}
[19.905623] (turtlesim) StdoutLine: {'line': b'-- Installing: /home/yilmaz/ros2_ws/install/turtlesim/include/turtlesim/turtlesim/srv/detail/teleport_relative__rosidl_typesupport_introspection_cpp.hpp\n'}
[19.905669] (turtlesim) StdoutLine: {'line': b'-- Installing: /home/yilmaz/ros2_ws/install/turtlesim/include/turtlesim/turtlesim/srv/detail/spawn__type_support.cpp\n'}
[19.905743] (turtlesim) StdoutLine: {'line': b'-- Up-to-date: /home/yilmaz/ros2_ws/install/turtlesim/include/turtlesim/turtlesim/action\n'}
[19.905789] (turtlesim) StdoutLine: {'line': b'-- Up-to-date: /home/yilmaz/ros2_ws/install/turtlesim/include/turtlesim/turtlesim/action/detail\n'}
[19.905828] (turtlesim) StdoutLine: {'line': b'-- Installing: /home/yilmaz/ros2_ws/install/turtlesim/include/turtlesim/turtlesim/action/detail/rotate_absolute__rosidl_typesupport_introspection_cpp.hpp\n'}
[19.905867] (turtlesim) StdoutLine: {'line': b'-- Installing: /home/yilmaz/ros2_ws/install/turtlesim/include/turtlesim/turtlesim/action/detail/rotate_absolute__type_support.cpp\n'}
[19.905917] (turtlesim) StdoutLine: {'line': b'-- Installing: /home/yilmaz/ros2_ws/install/turtlesim/lib/libturtlesim__rosidl_typesupport_introspection_cpp.so\n'}
[19.906221] (turtlesim) StdoutLine: {'line': b'-- Set non-toolchain portion of runtime path of "/home/yilmaz/ros2_ws/install/turtlesim/lib/libturtlesim__rosidl_typesupport_introspection_cpp.so" to ""\n'}
[19.906290] (turtlesim) StdoutLine: {'line': b'-- Installing: /home/yilmaz/ros2_ws/install/turtlesim/lib/libturtlesim__rosidl_typesupport_cpp.so\n'}
[19.906627] (turtlesim) StdoutLine: {'line': b'-- Set non-toolchain portion of runtime path of "/home/yilmaz/ros2_ws/install/turtlesim/lib/libturtlesim__rosidl_typesupport_cpp.so" to ""\n'}
[19.906716] (turtlesim) StdoutLine: {'line': b'-- Installing: /home/yilmaz/ros2_ws/install/turtlesim/share/turtlesim/environment/pythonpath.sh\n'}
[19.906769] (turtlesim) StdoutLine: {'line': b'-- Installing: /home/yilmaz/ros2_ws/install/turtlesim/share/turtlesim/environment/pythonpath.dsv\n'}
[19.906835] (turtlesim) StdoutLine: {'line': b'-- Installing: /home/yilmaz/ros2_ws/install/turtlesim/lib/python3.12/site-packages/turtlesim-1.8.3-py3.12.egg-info\n'}
[19.906895] (turtlesim) StdoutLine: {'line': b'-- Installing: /home/yilmaz/ros2_ws/install/turtlesim/lib/python3.12/site-packages/turtlesim-1.8.3-py3.12.egg-info/dependency_links.txt\n'}
[19.906953] (turtlesim) StdoutLine: {'line': b'-- Installing: /home/yilmaz/ros2_ws/install/turtlesim/lib/python3.12/site-packages/turtlesim-1.8.3-py3.12.egg-info/SOURCES.txt\n'}
[19.907062] (turtlesim) StdoutLine: {'line': b'-- Installing: /home/yilmaz/ros2_ws/install/turtlesim/lib/python3.12/site-packages/turtlesim-1.8.3-py3.12.egg-info/PKG-INFO\n'}
[19.907120] (turtlesim) StdoutLine: {'line': b'-- Installing: /home/yilmaz/ros2_ws/install/turtlesim/lib/python3.12/site-packages/turtlesim-1.8.3-py3.12.egg-info/top_level.txt\n'}
[19.907178] (turtlesim) StdoutLine: {'line': b'-- Installing: /home/yilmaz/ros2_ws/install/turtlesim/lib/python3.12/site-packages/turtlesim\n'}
[19.907241] (turtlesim) StdoutLine: {'line': b'-- Installing: /home/yilmaz/ros2_ws/install/turtlesim/lib/python3.12/site-packages/turtlesim/msg\n'}
[19.907286] (turtlesim) StdoutLine: {'line': b'-- Installing: /home/yilmaz/ros2_ws/install/turtlesim/lib/python3.12/site-packages/turtlesim/msg/_color.py\n'}
[19.907347] (turtlesim) StdoutLine: {'line': b'-- Installing: /home/yilmaz/ros2_ws/install/turtlesim/lib/python3.12/site-packages/turtlesim/msg/_pose.py\n'}
[19.907392] (turtlesim) StdoutLine: {'line': b'-- Installing: /home/yilmaz/ros2_ws/install/turtlesim/lib/python3.12/site-packages/turtlesim/msg/__init__.py\n'}
[19.907453] (turtlesim) StdoutLine: {'line': b'-- Installing: /home/yilmaz/ros2_ws/install/turtlesim/lib/python3.12/site-packages/turtlesim/msg/_pose_s.c\n'}
[19.907500] (turtlesim) StdoutLine: {'line': b'-- Installing: /home/yilmaz/ros2_ws/install/turtlesim/lib/python3.12/site-packages/turtlesim/msg/_color_s.c\n'}
[19.907565] (turtlesim) StdoutLine: {'line': b'-- Installing: /home/yilmaz/ros2_ws/install/turtlesim/lib/python3.12/site-packages/turtlesim/srv\n'}
[19.907611] (turtlesim) StdoutLine: {'line': b'-- Installing: /home/yilmaz/ros2_ws/install/turtlesim/lib/python3.12/site-packages/turtlesim/srv/_kill_s.c\n'}
[19.907670] (turtlesim) StdoutLine: {'line': b'-- Installing: /home/yilmaz/ros2_ws/install/turtlesim/lib/python3.12/site-packages/turtlesim/srv/_teleport_absolute.py\n'}
[19.907715] (turtlesim) StdoutLine: {'line': b'-- Installing: /home/yilmaz/ros2_ws/install/turtlesim/lib/python3.12/site-packages/turtlesim/srv/_teleport_relative_s.c\n'}
[19.907775] (turtlesim) StdoutLine: {'line': b'-- Installing: /home/yilmaz/ros2_ws/install/turtlesim/lib/python3.12/site-packages/turtlesim/srv/_kill.py\n'}
[19.907822] (turtlesim) StdoutLine: {'line': b'-- Installing: /home/yilmaz/ros2_ws/install/turtlesim/lib/python3.12/site-packages/turtlesim/srv/_spawn_s.c\n'}
[19.907884] (turtlesim) StdoutLine: {'line': b'-- Installing: /home/yilmaz/ros2_ws/install/turtlesim/lib/python3.12/site-packages/turtlesim/srv/_set_pen.py\n'}
[19.907930] (turtlesim) StdoutLine: {'line': b'-- Installing: /home/yilmaz/ros2_ws/install/turtlesim/lib/python3.12/site-packages/turtlesim/srv/_teleport_relative.py\n'}
[19.907974] (turtlesim) StdoutLine: {'line': b'-- Installing: /home/yilmaz/ros2_ws/install/turtlesim/lib/python3.12/site-packages/turtlesim/srv/__init__.py\n'}
[19.908034] (turtlesim) StdoutLine: {'line': b'-- Installing: /home/yilmaz/ros2_ws/install/turtlesim/lib/python3.12/site-packages/turtlesim/srv/_set_pen_s.c\n'}
[19.908078] (turtlesim) StdoutLine: {'line': b'-- Installing: /home/yilmaz/ros2_ws/install/turtlesim/lib/python3.12/site-packages/turtlesim/srv/_spawn.py\n'}
[19.908121] (turtlesim) StdoutLine: {'line': b'-- Installing: /home/yilmaz/ros2_ws/install/turtlesim/lib/python3.12/site-packages/turtlesim/srv/_teleport_absolute_s.c\n'}
[19.908172] (turtlesim) StdoutLine: {'line': b'-- Installing: /home/yilmaz/ros2_ws/install/turtlesim/lib/python3.12/site-packages/turtlesim/_turtlesim_s.ep.rosidl_typesupport_fastrtps_c.c\n'}
[19.908227] (turtlesim) StdoutLine: {'line': b'-- Installing: /home/yilmaz/ros2_ws/install/turtlesim/lib/python3.12/site-packages/turtlesim/_turtlesim_s.ep.rosidl_typesupport_c.c\n'}
[19.908296] (turtlesim) StdoutLine: {'line': b'-- Installing: /home/yilmaz/ros2_ws/install/turtlesim/lib/python3.12/site-packages/turtlesim/turtlesim_s__rosidl_typesupport_c.so\n'}
[19.908381] (turtlesim) StdoutLine: {'line': b'-- Installing: /home/yilmaz/ros2_ws/install/turtlesim/lib/python3.12/site-packages/turtlesim/turtlesim_s__rosidl_typesupport_introspection_c.so\n'}
[19.908464] (turtlesim) StdoutLine: {'line': b'-- Installing: /home/yilmaz/ros2_ws/install/turtlesim/lib/python3.12/site-packages/turtlesim/_turtlesim_s.ep.rosidl_typesupport_introspection_c.c\n'}
[19.908682] (turtlesim) StdoutLine: {'line': b'-- Installing: /home/yilmaz/ros2_ws/install/turtlesim/lib/python3.12/site-packages/turtlesim/action\n'}
[19.908742] (turtlesim) StdoutLine: {'line': b'-- Installing: /home/yilmaz/ros2_ws/install/turtlesim/lib/python3.12/site-packages/turtlesim/action/_rotate_absolute.py\n'}
[19.908800] (turtlesim) StdoutLine: {'line': b'-- Installing: /home/yilmaz/ros2_ws/install/turtlesim/lib/python3.12/site-packages/turtlesim/action/_rotate_absolute_s.c\n'}
[19.908862] (turtlesim) StdoutLine: {'line': b'-- Installing: /home/yilmaz/ros2_ws/install/turtlesim/lib/python3.12/site-packages/turtlesim/action/__init__.py\n'}
[19.908918] (turtlesim) StdoutLine: {'line': b'-- Installing: /home/yilmaz/ros2_ws/install/turtlesim/lib/python3.12/site-packages/turtlesim/turtlesim_s__rosidl_typesupport_fastrtps_c.so\n'}
[19.908990] (turtlesim) StdoutLine: {'line': b'-- Installing: /home/yilmaz/ros2_ws/install/turtlesim/lib/python3.12/site-packages/turtlesim/__init__.py\n'}
[19.957259] (turtlesim) StdoutLine: {'line': b"Listing '/home/yilmaz/ros2_ws/install/turtlesim/lib/python3.12/site-packages/turtlesim'...\n"}
[19.957355] (turtlesim) StdoutLine: {'line': b"Compiling '/home/yilmaz/ros2_ws/install/turtlesim/lib/python3.12/site-packages/turtlesim/__init__.py'...\n"}
[19.957402] (turtlesim) StdoutLine: {'line': b"Listing '/home/yilmaz/ros2_ws/install/turtlesim/lib/python3.12/site-packages/turtlesim/action'...\n"}
[19.957442] (turtlesim) StdoutLine: {'line': b"Compiling '/home/yilmaz/ros2_ws/install/turtlesim/lib/python3.12/site-packages/turtlesim/action/__init__.py'...\n"}
[19.957482] (turtlesim) StdoutLine: {'line': b"Compiling '/home/yilmaz/ros2_ws/install/turtlesim/lib/python3.12/site-packages/turtlesim/action/_rotate_absolute.py'...\n"}
[19.957520] (turtlesim) StdoutLine: {'line': b"Listing '/home/yilmaz/ros2_ws/install/turtlesim/lib/python3.12/site-packages/turtlesim/msg'...\n"}
[19.957564] (turtlesim) StdoutLine: {'line': b"Compiling '/home/yilmaz/ros2_ws/install/turtlesim/lib/python3.12/site-packages/turtlesim/msg/__init__.py'...\n"}
[19.957607] (turtlesim) StdoutLine: {'line': b"Compiling '/home/yilmaz/ros2_ws/install/turtlesim/lib/python3.12/site-packages/turtlesim/msg/_color.py'...\n"}
[19.957646] (turtlesim) StdoutLine: {'line': b"Compiling '/home/yilmaz/ros2_ws/install/turtlesim/lib/python3.12/site-packages/turtlesim/msg/_pose.py'...\n"}
[19.957685] (turtlesim) StdoutLine: {'line': b"Listing '/home/yilmaz/ros2_ws/install/turtlesim/lib/python3.12/site-packages/turtlesim/srv'...\n"}
[19.957723] (turtlesim) StdoutLine: {'line': b"Compiling '/home/yilmaz/ros2_ws/install/turtlesim/lib/python3.12/site-packages/turtlesim/srv/__init__.py'...\n"}
[19.957761] (turtlesim) StdoutLine: {'line': b"Compiling '/home/yilmaz/ros2_ws/install/turtlesim/lib/python3.12/site-packages/turtlesim/srv/_kill.py'...\n"}
[19.957804] (turtlesim) StdoutLine: {'line': b"Compiling '/home/yilmaz/ros2_ws/install/turtlesim/lib/python3.12/site-packages/turtlesim/srv/_set_pen.py'...\n"}
[19.957843] (turtlesim) StdoutLine: {'line': b"Compiling '/home/yilmaz/ros2_ws/install/turtlesim/lib/python3.12/site-packages/turtlesim/srv/_spawn.py'...\n"}
[19.957884] (turtlesim) StdoutLine: {'line': b"Compiling '/home/yilmaz/ros2_ws/install/turtlesim/lib/python3.12/site-packages/turtlesim/srv/_teleport_absolute.py'...\n"}
[19.957923] (turtlesim) StdoutLine: {'line': b"Compiling '/home/yilmaz/ros2_ws/install/turtlesim/lib/python3.12/site-packages/turtlesim/srv/_teleport_relative.py'...\n"}
[19.961025] (turtlesim) StdoutLine: {'line': b'-- Installing: /home/yilmaz/ros2_ws/install/turtlesim/lib/python3.12/site-packages/turtlesim/turtlesim_s__rosidl_typesupport_fastrtps_c.so\n'}
[19.961153] (turtlesim) StdoutLine: {'line': b'-- Set non-toolchain portion of runtime path of "/home/yilmaz/ros2_ws/install/turtlesim/lib/python3.12/site-packages/turtlesim/turtlesim_s__rosidl_typesupport_fastrtps_c.so" to ""\n'}
[19.961244] (turtlesim) StdoutLine: {'line': b'-- Installing: /home/yilmaz/ros2_ws/install/turtlesim/lib/python3.12/site-packages/turtlesim/turtlesim_s__rosidl_typesupport_introspection_c.so\n'}
[19.961364] (turtlesim) StdoutLine: {'line': b'-- Set non-toolchain portion of runtime path of "/home/yilmaz/ros2_ws/install/turtlesim/lib/python3.12/site-packages/turtlesim/turtlesim_s__rosidl_typesupport_introspection_c.so" to ""\n'}
[19.961460] (turtlesim) StdoutLine: {'line': b'-- Installing: /home/yilmaz/ros2_ws/install/turtlesim/lib/python3.12/site-packages/turtlesim/turtlesim_s__rosidl_typesupport_c.so\n'}
[19.961754] (turtlesim) StdoutLine: {'line': b'-- Set non-toolchain portion of runtime path of "/home/yilmaz/ros2_ws/install/turtlesim/lib/python3.12/site-packages/turtlesim/turtlesim_s__rosidl_typesupport_c.so" to ""\n'}
[19.961858] (turtlesim) StdoutLine: {'line': b'-- Installing: /home/yilmaz/ros2_ws/install/turtlesim/lib/libturtlesim__rosidl_generator_py.so\n'}
[19.961939] (turtlesim) StdoutLine: {'line': b'-- Set non-toolchain portion of runtime path of "/home/yilmaz/ros2_ws/install/turtlesim/lib/libturtlesim__rosidl_generator_py.so" to ""\n'}
[19.961993] (turtlesim) StdoutLine: {'line': b'-- Installing: /home/yilmaz/ros2_ws/install/turtlesim/share/turtlesim/action/RotateAbsolute.idl\n'}
[19.962049] (turtlesim) StdoutLine: {'line': b'-- Installing: /home/yilmaz/ros2_ws/install/turtlesim/share/turtlesim/msg/Color.idl\n'}
[19.962100] (turtlesim) StdoutLine: {'line': b'-- Installing: /home/yilmaz/ros2_ws/install/turtlesim/share/turtlesim/msg/Pose.idl\n'}
[19.962174] (turtlesim) StdoutLine: {'line': b'-- Installing: /home/yilmaz/ros2_ws/install/turtlesim/share/turtlesim/srv/Kill.idl\n'}
[19.962217] (turtlesim) StdoutLine: {'line': b'-- Installing: /home/yilmaz/ros2_ws/install/turtlesim/share/turtlesim/srv/SetPen.idl\n'}
[19.962265] (turtlesim) StdoutLine: {'line': b'-- Installing: /home/yilmaz/ros2_ws/install/turtlesim/share/turtlesim/srv/Spawn.idl\n'}
[19.962321] (turtlesim) StdoutLine: {'line': b'-- Installing: /home/yilmaz/ros2_ws/install/turtlesim/share/turtlesim/srv/TeleportAbsolute.idl\n'}
[19.962378] (turtlesim) StdoutLine: {'line': b'-- Installing: /home/yilmaz/ros2_ws/install/turtlesim/share/turtlesim/srv/TeleportRelative.idl\n'}
[19.962434] (turtlesim) StdoutLine: {'line': b'-- Installing: /home/yilmaz/ros2_ws/install/turtlesim/share/turtlesim/action/RotateAbsolute.action\n'}
[19.962490] (turtlesim) StdoutLine: {'line': b'-- Installing: /home/yilmaz/ros2_ws/install/turtlesim/share/turtlesim/msg/Color.msg\n'}
[19.962545] (turtlesim) StdoutLine: {'line': b'-- Installing: /home/yilmaz/ros2_ws/install/turtlesim/share/turtlesim/msg/Pose.msg\n'}
[19.962602] (turtlesim) StdoutLine: {'line': b'-- Installing: /home/yilmaz/ros2_ws/install/turtlesim/share/turtlesim/srv/Kill.srv\n'}
[19.962656] (turtlesim) StdoutLine: {'line': b'-- Installing: /home/yilmaz/ros2_ws/install/turtlesim/share/turtlesim/srv/SetPen.srv\n'}
[19.962715] (turtlesim) StdoutLine: {'line': b'-- Installing: /home/yilmaz/ros2_ws/install/turtlesim/share/turtlesim/srv/Spawn.srv\n'}
[19.962767] (turtlesim) StdoutLine: {'line': b'-- Installing: /home/yilmaz/ros2_ws/install/turtlesim/share/turtlesim/srv/TeleportAbsolute.srv\n'}
[19.962821] (turtlesim) StdoutLine: {'line': b'-- Installing: /home/yilmaz/ros2_ws/install/turtlesim/share/turtlesim/srv/TeleportRelative.srv\n'}
[19.962911] (turtlesim) StdoutLine: {'line': b'-- Installing: /home/yilmaz/ros2_ws/install/turtlesim/lib/turtlesim/turtlesim_node\n'}
[19.968728] (turtlesim) StdoutLine: {'line': b'-- Set non-toolchain portion of runtime path of "/home/yilmaz/ros2_ws/install/turtlesim/lib/turtlesim/turtlesim_node" to ""\n'}
[19.968794] (turtlesim) StdoutLine: {'line': b'-- Installing: /home/yilmaz/ros2_ws/install/turtlesim/lib/turtlesim/turtle_teleop_key\n'}
[19.969900] (turtlesim) StdoutLine: {'line': b'-- Set non-toolchain portion of runtime path of "/home/yilmaz/ros2_ws/install/turtlesim/lib/turtlesim/turtle_teleop_key" to ""\n'}
[19.969975] (turtlesim) StdoutLine: {'line': b'-- Installing: /home/yilmaz/ros2_ws/install/turtlesim/lib/turtlesim/draw_square\n'}
[19.972491] (turtlesim) StdoutLine: {'line': b'-- Set non-toolchain portion of runtime path of "/home/yilmaz/ros2_ws/install/turtlesim/lib/turtlesim/draw_square" to ""\n'}
[19.972574] (turtlesim) StdoutLine: {'line': b'-- Installing: /home/yilmaz/ros2_ws/install/turtlesim/lib/turtlesim/mimic\n'}
[19.974937] (turtlesim) StdoutLine: {'line': b'-- Set non-toolchain portion of runtime path of "/home/yilmaz/ros2_ws/install/turtlesim/lib/turtlesim/mimic" to ""\n'}
[19.975013] (turtlesim) StdoutLine: {'line': b'-- Installing: /home/yilmaz/ros2_ws/install/turtlesim/share/turtlesim/images\n'}
[19.975063] (turtlesim) StdoutLine: {'line': b'-- Installing: /home/yilmaz/ros2_ws/install/turtlesim/share/turtlesim/images/dashing.png\n'}
[19.975106] (turtlesim) StdoutLine: {'line': b'-- Installing: /home/yilmaz/ros2_ws/install/turtlesim/share/turtlesim/images/ardent.png\n'}
[19.975182] (turtlesim) StdoutLine: {'line': b'-- Installing: /home/yilmaz/ros2_ws/install/turtlesim/share/turtlesim/images/rolling.png\n'}
[19.975226] (turtlesim) StdoutLine: {'line': b'-- Installing: /home/yilmaz/ros2_ws/install/turtlesim/share/turtlesim/images/humble.png\n'}
[19.975269] (turtlesim) StdoutLine: {'line': b'-- Installing: /home/yilmaz/ros2_ws/install/turtlesim/share/turtlesim/images/eloquent.png\n'}
[19.975310] (turtlesim) StdoutLine: {'line': b'-- Installing: /home/yilmaz/ros2_ws/install/turtlesim/share/turtlesim/images/foxy.png\n'}
[19.975352] (turtlesim) StdoutLine: {'line': b'-- Installing: /home/yilmaz/ros2_ws/install/turtlesim/share/turtlesim/images/jazzy.png\n'}
[19.975394] (turtlesim) StdoutLine: {'line': b'-- Installing: /home/yilmaz/ros2_ws/install/turtlesim/share/turtlesim/images/galactic.png\n'}
[19.975435] (turtlesim) StdoutLine: {'line': b'-- Installing: /home/yilmaz/ros2_ws/install/turtlesim/share/turtlesim/images/bouncy.png\n'}
[19.975497] (turtlesim) StdoutLine: {'line': b'-- Installing: /home/yilmaz/ros2_ws/install/turtlesim/share/turtlesim/images/crystal.png\n'}
[19.975538] (turtlesim) StdoutLine: {'line': b'-- Installing: /home/yilmaz/ros2_ws/install/turtlesim/share/turtlesim/images/iron.png\n'}
[19.975584] (turtlesim) StdoutLine: {'line': b'-- Installing: /home/yilmaz/ros2_ws/install/turtlesim/share/turtlesim/launch\n'}
[19.975626] (turtlesim) StdoutLine: {'line': b'-- Installing: /home/yilmaz/ros2_ws/install/turtlesim/share/turtlesim/launch/multisim.launch.py\n'}
[19.975667] (turtlesim) StdoutLine: {'line': b'-- Installing: /home/yilmaz/ros2_ws/install/turtlesim/share/ament_index/resource_index/package_run_dependencies/turtlesim\n'}
[19.975707] (turtlesim) StdoutLine: {'line': b'-- Installing: /home/yilmaz/ros2_ws/install/turtlesim/share/ament_index/resource_index/parent_prefix_path/turtlesim\n'}
[19.975759] (turtlesim) StdoutLine: {'line': b'-- Installing: /home/yilmaz/ros2_ws/install/turtlesim/share/turtlesim/environment/ament_prefix_path.sh\n'}
[19.975856] (turtlesim) StdoutLine: {'line': b'-- Installing: /home/yilmaz/ros2_ws/install/turtlesim/share/turtlesim/environment/ament_prefix_path.dsv\n'}
[19.975910] (turtlesim) StdoutLine: {'line': b'-- Installing: /home/yilmaz/ros2_ws/install/turtlesim/share/turtlesim/environment/path.sh\n'}
[19.975953] (-) TimerEvent: {}
[19.976149] (turtlesim) StdoutLine: {'line': b'-- Installing: /home/yilmaz/ros2_ws/install/turtlesim/share/turtlesim/environment/path.dsv\n'}
[19.976208] (turtlesim) StdoutLine: {'line': b'-- Installing: /home/yilmaz/ros2_ws/install/turtlesim/share/turtlesim/local_setup.bash\n'}
[19.976266] (turtlesim) StdoutLine: {'line': b'-- Installing: /home/yilmaz/ros2_ws/install/turtlesim/share/turtlesim/local_setup.sh\n'}
[19.976320] (turtlesim) StdoutLine: {'line': b'-- Installing: /home/yilmaz/ros2_ws/install/turtlesim/share/turtlesim/local_setup.zsh\n'}
[19.976374] (turtlesim) StdoutLine: {'line': b'-- Installing: /home/yilmaz/ros2_ws/install/turtlesim/share/turtlesim/local_setup.dsv\n'}
[19.976427] (turtlesim) StdoutLine: {'line': b'-- Installing: /home/yilmaz/ros2_ws/install/turtlesim/share/turtlesim/package.dsv\n'}
[19.976480] (turtlesim) StdoutLine: {'line': b'-- Installing: /home/yilmaz/ros2_ws/install/turtlesim/share/ament_index/resource_index/packages/turtlesim\n'}
[19.976683] (turtlesim) StdoutLine: {'line': b'-- Installing: /home/yilmaz/ros2_ws/install/turtlesim/share/turtlesim/cmake/export_turtlesim__rosidl_generator_cExport.cmake\n'}
[19.976727] (turtlesim) StdoutLine: {'line': b'-- Installing: /home/yilmaz/ros2_ws/install/turtlesim/share/turtlesim/cmake/export_turtlesim__rosidl_generator_cExport-noconfig.cmake\n'}
[19.976801] (turtlesim) StdoutLine: {'line': b'-- Installing: /home/yilmaz/ros2_ws/install/turtlesim/share/turtlesim/cmake/export_turtlesim__rosidl_typesupport_fastrtps_cExport.cmake\n'}
[19.976910] (turtlesim) StdoutLine: {'line': b'-- Installing: /home/yilmaz/ros2_ws/install/turtlesim/share/turtlesim/cmake/export_turtlesim__rosidl_typesupport_fastrtps_cExport-noconfig.cmake\n'}
[19.976971] (turtlesim) StdoutLine: {'line': b'-- Installing: /home/yilmaz/ros2_ws/install/turtlesim/share/turtlesim/cmake/export_turtlesim__rosidl_generator_cppExport.cmake\n'}
[19.977014] (turtlesim) StdoutLine: {'line': b'-- Installing: /home/yilmaz/ros2_ws/install/turtlesim/share/turtlesim/cmake/export_turtlesim__rosidl_typesupport_fastrtps_cppExport.cmake\n'}
[19.977067] (turtlesim) StdoutLine: {'line': b'-- Installing: /home/yilmaz/ros2_ws/install/turtlesim/share/turtlesim/cmake/export_turtlesim__rosidl_typesupport_fastrtps_cppExport-noconfig.cmake\n'}
[19.977122] (turtlesim) StdoutLine: {'line': b'-- Installing: /home/yilmaz/ros2_ws/install/turtlesim/share/turtlesim/cmake/turtlesim__rosidl_typesupport_introspection_cExport.cmake\n'}
[19.977171] (turtlesim) StdoutLine: {'line': b'-- Installing: /home/yilmaz/ros2_ws/install/turtlesim/share/turtlesim/cmake/turtlesim__rosidl_typesupport_introspection_cExport-noconfig.cmake\n'}
[19.977220] (turtlesim) StdoutLine: {'line': b'-- Installing: /home/yilmaz/ros2_ws/install/turtlesim/share/turtlesim/cmake/turtlesim__rosidl_typesupport_cExport.cmake\n'}
[19.977273] (turtlesim) StdoutLine: {'line': b'-- Installing: /home/yilmaz/ros2_ws/install/turtlesim/share/turtlesim/cmake/turtlesim__rosidl_typesupport_cExport-noconfig.cmake\n'}
[19.977335] (turtlesim) StdoutLine: {'line': b'-- Installing: /home/yilmaz/ros2_ws/install/turtlesim/share/turtlesim/cmake/turtlesim__rosidl_typesupport_introspection_cppExport.cmake\n'}
[19.977416] (turtlesim) StdoutLine: {'line': b'-- Installing: /home/yilmaz/ros2_ws/install/turtlesim/share/turtlesim/cmake/turtlesim__rosidl_typesupport_introspection_cppExport-noconfig.cmake\n'}
[19.977501] (turtlesim) StdoutLine: {'line': b'-- Installing: /home/yilmaz/ros2_ws/install/turtlesim/share/turtlesim/cmake/turtlesim__rosidl_typesupport_cppExport.cmake\n'}
[19.977563] (turtlesim) StdoutLine: {'line': b'-- Installing: /home/yilmaz/ros2_ws/install/turtlesim/share/turtlesim/cmake/turtlesim__rosidl_typesupport_cppExport-noconfig.cmake\n'}
[19.977665] (turtlesim) StdoutLine: {'line': b'-- Installing: /home/yilmaz/ros2_ws/install/turtlesim/share/turtlesim/cmake/export_turtlesim__rosidl_generator_pyExport.cmake\n'}
[19.977990] (turtlesim) StdoutLine: {'line': b'-- Installing: /home/yilmaz/ros2_ws/install/turtlesim/share/turtlesim/cmake/export_turtlesim__rosidl_generator_pyExport-noconfig.cmake\n'}
[19.978433] (turtlesim) StdoutLine: {'line': b'-- Installing: /home/yilmaz/ros2_ws/install/turtlesim/share/turtlesim/cmake/rosidl_cmake-extras.cmake\n'}
[19.978491] (turtlesim) StdoutLine: {'line': b'-- Installing: /home/yilmaz/ros2_ws/install/turtlesim/share/turtlesim/cmake/ament_cmake_export_dependencies-extras.cmake\n'}
[19.978536] (turtlesim) StdoutLine: {'line': b'-- Installing: /home/yilmaz/ros2_ws/install/turtlesim/share/turtlesim/cmake/ament_cmake_export_include_directories-extras.cmake\n'}
[19.978583] (turtlesim) StdoutLine: {'line': b'-- Installing: /home/yilmaz/ros2_ws/install/turtlesim/share/turtlesim/cmake/ament_cmake_export_libraries-extras.cmake\n'}
[19.978629] (turtlesim) StdoutLine: {'line': b'-- Installing: /home/yilmaz/ros2_ws/install/turtlesim/share/turtlesim/cmake/ament_cmake_export_targets-extras.cmake\n'}
[19.978672] (turtlesim) StdoutLine: {'line': b'-- Installing: /home/yilmaz/ros2_ws/install/turtlesim/share/turtlesim/cmake/rosidl_cmake_export_typesupport_targets-extras.cmake\n'}
[19.978723] (turtlesim) StdoutLine: {'line': b'-- Installing: /home/yilmaz/ros2_ws/install/turtlesim/share/turtlesim/cmake/rosidl_cmake_export_typesupport_libraries-extras.cmake\n'}
[19.978765] (turtlesim) StdoutLine: {'line': b'-- Installing: /home/yilmaz/ros2_ws/install/turtlesim/share/turtlesim/cmake/turtlesimConfig.cmake\n'}
[19.978825] (turtlesim) StdoutLine: {'line': b'-- Installing: /home/yilmaz/ros2_ws/install/turtlesim/share/turtlesim/cmake/turtlesimConfig-version.cmake\n'}
[19.978866] (turtlesim) StdoutLine: {'line': b'-- Installing: /home/yilmaz/ros2_ws/install/turtlesim/share/turtlesim/package.xml\n'}
[19.980120] (turtlesim) CommandEnded: {'returncode': 0}
[19.997935] (turtlesim) JobEnded: {'identifier': 'turtlesim', 'rc': 0}
[19.998308] (-) EventReactorShutdown: {}
